tipo,prov,coord,label,id,type
CEE,Zaragoza,,"CEE DE CALATAYUD",50019408,cen
CEE,Huesca,"41.911168, 0.182848","CEE LA ALEGRÍA",22005157,cen
CEE,Teruel,"40.351859, -1.113153","CEE ARBOLEDA",44003259,cen
CEE,Zaragoza,"41.661587, -0.883011","CEE ANGEL RIVIÈRE",50017369,cen
CEE,Zaragoza,"41.630469, -0.898715","CEE RINCÓN DE GOYA",50011537,cen
CEE,Teruel,"40.974559, -0.448783","CEE GLORIA FUERTES",44004148,cen
CEE,Zaragoza,"41.667477, -0.894017","CEE ALBORADA",50010387,cen
CEE,Zaragoza,"41.687976, -0.873452","CEE JEAN PIAGET",50018131,cen
CEIP,Zaragoza,"41.633074, -0.873851","CEIP MARÍA MOLINER",50009452,cen
CEIP,Zaragoza,"41.323139, -0.346019","CEIP DANIEL FEDERIO",50004326,cen
CEIP,Teruel,"40.831504, -0.24323","CEIP VALERO SERRANO",44002061,cen
CEIP,Zaragoza,"41.635884, -0.905461","CEIP ELISEO GODOY BELTRÁN",50008381,cen
CEIP,Zaragoza,"41.662678, -0.902709","CEIP LA ALMOZARA",50006438,cen
CEIP,Zaragoza,"41.718776, -1.024599","CEIP RICARDO MUR",50005550,cen
CEIP,Huesca,"42.304945, 0.040263","CEIP DE PAÚLES DE SARSA",22005431,cen
CEIP,Zaragoza,"41.511017, -0.626955","CEIP LUIS GARCÍA SÁINZ",50002275,cen
CEIP,Zaragoza,"41.677622, -0.897084","CEIP JOSÉ ANTONIO LABORDETA SUBÍAS",50011801,cen
CEIP,Zaragoza,"41.657422, -0.92411","CEIP JULIO VERNE",50019019,cen
CEIP,Huesca,"41.861787, 0.428686","CEIP SAN MIGUEL",22004271,cen
CEIP,Huesca,"42.36999, 0.27071","CEIP LA FUEVA",22002016,cen
CEIP,Zaragoza,"41.652459, -0.924027","CEIP RAMIRO SOLÁNS",50008691,cen
CEIP,Zaragoza,"41.651654, -0.891969","CEIP JOAQUÍN COSTA",50006013,cen
CEIP,Zaragoza,"41.351285, -1.649232","CEIP AUGUSTA BÍLBILIS",50008666,cen
CEIP,Zaragoza,"41.683147, -0.825782","CEIP HERMANOS ARGENSOLA",50005631,cen
CEIP,Teruel,"41.22085, -0.380832","CEIP LUIS TURÓN",44001706,cen
CEIP,Zaragoza,"41.400496, -1.168243","CEIP DIEGO ESCOLANO",50017667,cen
CEIP,Zaragoza,"41.354455, -1.036758","CEIP SAN BLAS",50005291,cen
CEIP,Zaragoza,"41.523596, -1.59863","CEIP DIPUTACIÓN PROVINCIAL",50000904,cen
CEIP,Zaragoza,"41.375533, 0.304468","CEIP MARÍA QUINTANA",50003048,cen
CEIP,Zaragoza,"41.110735, -1.420173","CEIP PEDRO SÁNCHEZ CIRUELO",50001702,cen
CEIP,Zaragoza,"41.659517, -0.863937","CEIP MARIE CURIE",50018258,cen
CEIP,Zaragoza,"41.917714, -1.25409","CEIP ALFONSO I EL BATALLADOR",50004703,cen
CEIP,Zaragoza,"41.331339, -1.645686","CEIP BALTASAR GRACIÁN",50001064,cen
CEIP,Zaragoza,"41.627021, -0.890401","CEIP DOMINGO MIRAL",50005951,cen
CEIP,Teruel,"40.329047, -1.095607","CEIP LA FUENFRESCA",44004306,cen
CEIP,Zaragoza,"41.700386, -0.971411","CEIP FERNÁNDEZ VIZARRA",50005641,cen
CEIP,Zaragoza,"41.640942, -0.931356","CEIP JERÓNIMO BLANCAS Y TOMÁS",50005999,cen
CEIP,Huesca,"41.619207, 0.192458","CEIP FRANCISCO GALIAY SARAÑANA",22000706,cen
CEIP,Zaragoza,"41.409136, -1.179779","CEIP MATEO VALERO",50011306,cen
CEIP,Zaragoza,"41.654605, -0.911007","CEIP ANA MAYAYO",50005896,cen
CEIP,Zaragoza,"41.647264, -0.865093","CEIP JULIÁN SANZ IBÁÑEZ",50006049,cen
CEIP,Zaragoza,"41.659258, -0.867356","CEIP HILARIÓN GIMENO",50006220,cen
CEIP,Zaragoza,"41.758977, -0.797703","CEIP FLORENCIO JARDIEL",50005707,cen
CEIP,Zaragoza,"41.662573, -0.900051","CEIP PUERTA DE SANCHO",50010193,cen
CEIP,Zaragoza,"41.639189, -0.878376","CEIP SAN JOSÉ DE CALASANZ",50006153,cen
CEIP,Zaragoza,"41.625506, -0.881817","CEIP RAMÓN SÁINZ DE VARANDA",50009531,cen
CEIP,Zaragoza,"42.131292, -1.311907","CEIP FERRER Y RACAJ",50001775,cen
CEIP,Huesca,"41.675359, 0.088022","CEIP SAN GREGORIO",22003343,cen
CEIP,Zaragoza,"41.769761, -1.1271","CEIP ARAGÓN",50000126,cen
CEIP,Teruel,"40.140262, -0.810112","CEIP DE SARRIÓN",44002942,cen
CEIP,Huesca,"42.032941, 0.131694","CEIP ALTO ARAGÓN",22000721,cen
CEIP,Zaragoza,"42.125369, -1.137168","CEIP CERVANTES",50001763,cen
CEIP,Huesca,"42.138563, -0.411667","CEIP EL PARQUE",22004633,cen
CEIP,Huesca,"41.721375, 0.110047","CEIP JOSÉ MANUEL BLECUA",22000251,cen
CEIP,Zaragoza,"41.689086, -0.878708","CEIP CATALINA DE ARAGÓN",50018817,cen
CEIP,Zaragoza,"41.674533, -0.88304","CEIP JOSEFA AMAR Y BORBÓN",50011847,cen
CEIP,Zaragoza,"41.704491, -0.995238","CEIP OCTAVUS",50018121,cen
CEIP,Zaragoza,"41.639458, -0.866757","CEIP TOMÁS ALVIRA",50006281,cen
CEIP,Huesca,"42.135555, -0.404584","CEIP SANCHO RAMÍREZ",22002341,cen
CEIP,Zaragoza,"41.474997, -1.472481","CEIP LUCAS ARRIBAS",50003206,cen
CEIP,Zaragoza,"41.653328, -0.90401","CEIP EMILIO MORENO CALVETE",50006219,cen
CEIP,Zaragoza,"41.632722, -0.749485","CEIP LOS ALBARES",50004004,cen
CEIP,Zaragoza,"41.316937, -1.07075","CEIP TOSOS",50004879,cen
CEIP,Zaragoza,"41.643667, -0.865242","CEIP MARCOS FRECHÍN",50006074,cen
CEIP,Zaragoza,"41.627899, -0.932397","CEIP MONTECANAL",50017710,cen
CEIP,Zaragoza,"41.632126, -0.88737","CEIP LUIS VIVES",50006050,cen
CEIP,Teruel,"40.835565, -0.798666","CEIP COMARCA CUENCAS MINERAS",44002191,cen
CEIP,Huesca,"41.605108, 0.266822","CEIP SAN JUAN BAUTISTA",22004608,cen
CEIP,Teruel,"40.912661, -1.300958","CEIP RICARDO MALLÉN",44000799,cen
CEIP,Zaragoza,"41.653299, -0.913377","CEIP MONSALUD",50009944,cen
CEIP,Zaragoza,"41.474618, -1.372181","CEIP NERTÓBRIGA",50000370,cen
CEIP,Huesca,"42.129691, -0.408232","CEIP PEDRO J. RUBIO",22005200,cen
CEIP,Zaragoza,"41.770747, -0.825696","CEIP PINTOR PRADILLA",50005276,cen
CEIP,Zaragoza,"41.424451, -0.497246","CEIP FERNANDO EL CATÓLICO",50004031,cen
CEIP,Zaragoza,"41.670653, -0.828975","CEIP GUILLERMO FATÁS",50005768,cen
CEIP,Huesca,"42.141459, -0.407364","CEIP SAN VICENTE",22002351,cen
CEIP,Zaragoza,"41.28989, -0.32323","CEIP SAN JAVIER",50002032,cen
CEIP,Huesca,"42.502352, -0.361484","CEIP PUENTE SARDAS",22003847,cen
CEIP,Huesca,"42.140841, -0.419219","CEIP JUAN XXIII",22002302,cen
CEIP,Zaragoza,"41.647978, -0.914962","CEIP CIUDAD DE ZARAGOZA",50010478,cen
CEIP,Zaragoza,"41.508042, -1.402135","CEIP MAESTRO MONREAL",50004077,cen
CEIP,Zaragoza,"41.653626, -0.870856","CEIP TENERÍAS",50009397,cen
CEIP,Huesca,"41.914316, 0.192474","CEIP ARAGÓN",22004840,cen
CEIP,Zaragoza,"41.645419, -0.9159","CEIP ANTONIO BELTRÁN MARTÍNEZ",50011562,cen
CEIP,Zaragoza,"41.634774, -0.940607","CEIP ROSALES DEL CANAL",50018271,cen
CEIP,Zaragoza,"41.123761, 0.137666","CEIP VIRGEN DEL PORTAL",50002810,cen
CEIP,Zaragoza,"41.663407, -0.858024","CEIP LA ESTRELLA",50009749,cen
CEIP,Zaragoza,"41.657101, -0.857123","CEIP VADORREY-LES ALLÉES",50018830,cen
CEIP,Zaragoza,"41.657499, -0.916725","CEIP JOSÉ CAMÓN AZNAR",50009373,cen
CEIP,Huesca,"42.032985, 0.121554","CEIP LA MERCED",22000731,cen
CEIP,Zaragoza,"41.786823, -1.217138","CEIP CERVANTES",50003735,cen
CEIP,Zaragoza,"41.683263, -1.024039","CEIP GUSTAVO ADOLFO BÉCQUER",50005574,cen
CEIP,Zaragoza,"41.677423, -0.883092","CEIP HERMANOS MARX",50010171,cen
CEIP,Zaragoza,"41.614995, -0.92591","CEIP SAN JORGE",50019081,cen
CEIP,Zaragoza,"41.297499, -1.889292","CEIP PABLO LUNA",50017679,cen
CEIP,Zaragoza,"41.758673, -1.067406","CEIP MONTES DEL CASTELLAR",50004843,cen
CEIP,Zaragoza,"41.648712, -0.864709","CEIP LAS FUENTES",50009403,cen
CEIP,Teruel,"40.79649, -0.809304","CEIP ANTONIO GARGALLO MOYA",44001378,cen
CEIP,Zaragoza,"41.339006, -1.22734","CEIP SANTO CRISTO DE SANTIAGO",50001301,cen
CEIP,Huesca,"42.041148, -0.583917","CEIP SANTOS SAMPER SARASA",22000299,cen
CEIP,Huesca,"42.426219, -0.664356","CEIP VIRGEN DE LOS RÍOS",22005054,cen
CEIP,Zaragoza,"41.616394, -0.705885","CEIP BRIANDA DE LUNA",50000291,cen
CEIP,Zaragoza,"41.651042, -0.927683","CEIP FERNANDO EL CATÓLICO",50005963,cen
CEIP,Huesca,"41.523043, 0.341532","CEIP SAN JOSÉ DE CALASANZ",22001887,cen
CEIP,Zaragoza,"41.4746, -1.37218","CEIP NERTÓBRIGA II",50019317,cen
CEIP,Zaragoza,"41.235478, -0.037394","CEIP COMPROMISO DE CASPE",50001350,cen
CEIP,Zaragoza,"41.637709, -0.905329","CEIP CESÁREO ALIERTA",50008356,cen
CEIP,Zaragoza,"41.832123, -1.533911","CEIP CAMPO DE BORJA",50000850,cen
CEIP,Huesca,"42.142132, -0.39668","CEIP PÍO XII",22002338,cen
CEIP,Zaragoza,"41.542528, -0.998414","CEIP VAL DE LA ATALAYA",50019251,cen
CEIP,Zaragoza,"41.816741, -1.518598","CEIP EL POMILLO",50017655,cen
CEIP,Zaragoza,"41.65776, -0.884998","CEIP SANTO DOMINGO",50006141,cen
CEIP,Zaragoza,"41.19244, -1.302952","CEIP SANTA ANA",50010247,cen
CEIP,Zaragoza,"41.232527, -0.046279","CEIP ALEJO LORÉN ALBAREDA",50010764,cen
CEIP,Zaragoza,"41.644037, -0.86163","CEIP TORRE RAMONA",50009208,cen
CEIP,Huesca,"42.409732, 0.397483","CEIP CERBÍN",22001358,cen
CEIP,Teruel,"40.893245, -0.383342","CEIP EL JUSTICIA DE ARAGÓN",44000325,cen
CEIP,Zaragoza,"41.867073, -0.788441","CEIP ODÓN DE BUEN",50008587,cen
CEIP,Zaragoza,"41.65941, -0.943783","CEIP JULIÁN NIETO TAPIA",50005598,cen
CEIP,Zaragoza,"41.64604, -0.921774","CEIP HISPANIDAD",50010181,cen
CEIP,Zaragoza,"42.496481, -1.215451","CEIP ISIDORO GIL DE JAZ",50004478,cen
CEIP,Zaragoza,"41.424102, -1.37936","CEIP RAMÓN Y CAJAL",50000436,cen
CEIP,Zaragoza,"41.656325, -0.932817","CEIP MIRALBUENO",50018261,cen
CEIP,Zaragoza,"41.209849, -1.084838","CEIP SAN JORGE",50002433,cen
CEIP,Zaragoza,"41.623872, -0.916836","CEIP VALDESPARTERA",50018246,cen
CEIP,Zaragoza,"41.631893, -0.757091","CEIP REINO DE ARAGÓN",50017898,cen
CEIP,Teruel,"40.352816, -1.109244","CEIP LAS ANEJAS",44003120,cen
CEIP,Zaragoza,"42.566399, -1.169325","CEIP DE UNDUÉS DE LERDA",50004946,cen
CEIP,Huesca,"42.554289, -0.347181","CEIP MIGUEL SERVET",22003926,cen
CEIP,Zaragoza,"41.724808, -1.034265","CEIP ANTONIO MARTÍNEZ GARAY",50009786,cen
CEIP,Huesca,"41.866712, 0.42057","CEIP LA MELUSA",22005871,cen
CEIP,Zaragoza,"41.487889, -0.529565","CEIP RAMÓN Y CAJAL",50017680,cen
CEIP,Zaragoza,"41.866063, -1.316638","CEIP MARÍA DOMÍNGUEZ",50002329,cen
CEIP,Zaragoza,"41.668796, -0.843652","CEIP GLORIA ARENILLAS",50009415,cen
CEIP,Teruel,"40.940573, -0.229016","CEIP VIRGEN DEL PILAR",44000829,cen
CEIP,Zaragoza,"41.906081, -1.721421","CEIP MONCAYO",50004612,cen
CEIP,Zaragoza,"41.348936, -1.637906","CEIP FRANCISCO DE GOYA",50001076,cen
CEIP,Zaragoza,"41.668557, -0.873632","CEIP SAN BRAULIO",50006128,cen
CEIP,Zaragoza,"41.5855, -0.945038","CEIP CUARTE DE HUERVA III",50019299,cen
CEIP,Huesca,"42.392071, -0.192736","CEIP VALLE DEL GUARGA",22005340,cen
CEIP,Zaragoza,"41.902414, -1.720612","CEIP SALVADOR MINGUIJÓN",50001088,cen
CEIP,Zaragoza,"41.644029, -0.901522","CEIP RECARTE Y ORNAT",50005914,cen
CEIP,Huesca,"42.276135, -0.688251","CEIP RAMÓN Y CAJAL",22000585,cen
CEIP,Zaragoza,"41.847341, -1.249995","CEIP JOAQUÍN COSTA",50003981,cen
CEIP,Zaragoza,"41.833817, -0.764892","CEIP GALO PONTE",50017904,cen
CEIP,Huesca,"42.680517, -0.532894","CEIP COLLARADA",22004566,cen
CEIP,Zaragoza,"41.635883, -0.870849","CEIP CALIXTO ARIÑO-HILARIO VAL",50006207,cen
CEIP,Teruel,"40.783512, -1.357862","CEIP NTRA. SRA. DEL PILAR",44002152,cen
CEIP,Huesca,"41.842911, 0.298658","CEIP VÍCTOR MENDOZA MENDOZA",22001073,cen
CEIP,Huesca,"41.941906, -0.365873","CEIP SANTIAGO APÓSTOL",22002119,cen
CEIP,Zaragoza,"41.636817, -0.906248","CEIP CÉSAR AUGUSTO",50008371,cen
CEIP,Zaragoza,"41.940016, -1.325585","CEIP SANTA ENGRACIA",50008782,cen
CEIP,Huesca,"41.713852, -0.046642","CEIP ALBERTO GALINDO",22004189,cen
CEIP,Huesca,"42.200471, -0.596492","CEIP SAN GINÉS",22003100,cen
CEIP,Zaragoza,"41.596978, -1.27666","CEIP GASPAR REMIRO",50002007,cen
CEIP,Huesca,,"CEIP FRAGA III",22010876,cen
CEIP,Teruel,"40.974559, -0.448783","CEIP JUAN RAMÓN ALEGRE",44000465,cen
CEIP,Huesca,"41.912177, 0.192884","CEIP JOAQUÍN COSTA",22003215,cen
CEIP,Huesca,"42.748834, -0.515198","CEIP LOS ARAÑONES",22001437,cen
CEIP,Zaragoza,"41.670992, -0.874558","CEIP LUCIEN BRIET",50018143,cen
CEIP,Huesca,"42.56766, -0.554639","CEIP SAN JUAN DE LA PEÑA",22002673,cen
CEIP,Huesca,"41.663786, 0.162956","CEIP RAMÓN J. SENDER",22001656,cen
CEIP,Teruel,"40.248434, -0.751512","CEIP SAN MIGUEL",44002221,cen
CEIP,Teruel,"40.977588, -0.459257","CEIP MANUEL FRANCO ROYO",44004562,cen
CEIP,Zaragoza,"41.664004, -0.899412","CEIP JERÓNIMO ZURITA Y CASTRO",50006001,cen
CEIP,Teruel,"40.34359, -1.109271","CEIP PIERRES VEDEL",44003090,cen
CEIP,Huesca,"42.034424, 0.129671","CEIP PEDRO I",22004906,cen
CEIP,Zaragoza,"41.841507, -1.178173","CEIP ALFREDO MUIÑOS",50004053,cen
CEIP,Zaragoza,"41.61922, -0.78352","CEIP LA PORTALADA",50003711,cen
CEIP,Zaragoza,"41.933455, -1.396038","CEIP SAN NICASIO",50003504,cen
CEIP,Zaragoza,"41.534892, -0.999728","CEIP SAN ROQUE",50017916,cen
CEIP,Zaragoza,"41.649988, -0.821923","CEIP MAESTRO DON PEDRO ORÓS",50005653,cen
CEIP,Zaragoza,"41.687976, -0.873452","CEIP AGUSTINA DE ARAGÓN",50017862,cen
CEIP,Teruel,"41.050056, -0.139186","CEIP JUAN SOBRARIAS",44010100,cen
CEIP,Zaragoza,"41.662586, -0.875318","CEIP TÍO JORGE",50006165,cen
CEIP,Huesca,"42.303222, -0.578261","CEIP VIRGEN DE LA SOLEDAD",22001191,cen
CEIP,Huesca,"42.130514, -0.401585","CEIP PIRINEOS-PYRÉNÉES",22010323,cen
CEIP,Teruel,"40.81295, -0.844634","CEIP VILLA DE UTRILLAS",44003636,cen
CEIP,Huesca,"41.906682, 0.186445","CEIP MONZÓN III",22010839,cen
CEIP,Zaragoza,"41.641593, -0.877277","CEIP MIRAFLORES",50009580,cen
CEIP,Zaragoza,"41.681156, -0.872339","CEIP PARQUE GOYA",50017072,cen
CEIP,Zaragoza,"41.716265, -0.842306","CEIP ANDRÉS OLIVÁN",50005744,cen
CEIP,Zaragoza,"41.713175, -1.022299","CEIP INFANTA ELENA",50010296,cen
CEIP,Zaragoza,"41.237454, 0.334359","CEIP NTRA. SRA. DEL PILAR",50002123,cen
CEIP,Zaragoza,"41.528077, -1.342005","CEIP DOMINGO JIMÉNEZ BELTRÁN",50001222,cen
CEIP,Zaragoza,"41.58112, -1.11651","CEIP GIL TARÍN",50017448,cen
CEIP,Zaragoza,"41.559814, -0.964642","CEIP CASTILLO QADRIT",50011288,cen
CEIP,Zaragoza,"41.664912, -0.881467","CEIP CORTES DE ARAGÓN",50010481,cen
CEIP,Zaragoza,"41.585459, -0.945038","CEIP FORO ROMANO",50018283,cen
CEIP,Huesca,"42.410648, 0.137857","CEIP ASUNCIÓN PAÑART MONTANER",22000071,cen
CEIP,Zaragoza,"41.635556, -0.947701","CEIP ZARAGOZA SUR",50019287,cen
CEIP,Zaragoza,"42.128487, -1.130205","CEIP RECTOR MAMÉS ESPERABÉ",50008678,cen
CEIP,Zaragoza,"41.660183, -0.858322","CEIP LA JOTA",50006037,cen
CEIP,Zaragoza,"41.702493, -0.998783","CEIP PARQUE EUROPA",50017451,cen
CEIP,Zaragoza,"41.659058, -0.873593","CEIP CÁNDIDO DOMINGO",50005926,cen
CEIP,Zaragoza,"41.736343, -1.099782","CEIP MIGUEL ARTIGAS",50003851,cen
CEIP,Teruel,"40.87312, 0.15427","CEIP VICENTE FERRER RAMOS",44003715,cen
CEIP,Huesca,"41.713657, -0.005426","CEIP MIGUEL SERVET",22004578,cen
CEIP,Zaragoza,"41.669043, -0.894822","CEIP RÍO EBRO",50010399,cen
CEIP,Zaragoza,"41.590391, -0.928961","CEIP RAMÓN Y CAJAL",50008952,cen
CEIP,Huesca,"42.190799, 0.338521","CEIP JOAQUÍN COSTA",22002156,cen
CEIP,Zaragoza,"41.668399, -0.839133","CEIP JUAN PABLO BONET",50005677,cen
CEIP,Zaragoza,"41.263879, -0.126503","CEIP LUCIO FABIO SEVERO",50001672,cen
CEIP,Zaragoza,"41.638406, -0.893881","CEIP BASILIO PARAÍSO",50006311,cen
CEIP,Teruel,"41.048594, -0.130195","CEIP JUAN LORENZO PALMIRENO",44010203,cen
CEIP,Zaragoza,"41.906537, -1.725464","CEIP JOAQUÍN COSTA",50004545,cen
CEIP,Huesca,"42.522266, -0.366506","CEIP MONTECORONA",22003835,cen
CEIP,Huesca,"42.576042, -0.544056","CEIP MONTE OROEL",22004839,cen
CEIP,Zaragoza,"41.669392, -0.822729","CEIP EL ESPARTIDERO",50017874,cen
CEIP,Zaragoza,"41.677064, -0.877718","CEIP ZALFONADA",50009385,cen
CEIP,Zaragoza,"41.398264, -1.321795","CEIP ARZOBISPO DOMÉNECH",50000369,cen
CEIP,Huesca,"41.795022, -0.158002","CEIP LA LAGUNA",22004104,cen
CEIP,Zaragoza,"41.539851, -1.626163","CEIP BENEDICTO XIII",50002457,cen
CEIP,Zaragoza,"41.647949, -0.904047","CEIP ANDRÉS MANJÓN",50005902,cen
CEIP,Zaragoza,"41.647398, -0.906161","CEIP JOSÉ MARÍA MIR",50006025,cen
CEIP,Zaragoza,"41.309337, -0.749895","CEIP BELIA",50000722,cen
CEIP,Zaragoza,"41.739284, -1.036323","CEIP SUBPRADEL",50004430,cen
CEIP,Teruel,"41.123898, -0.510068","CEIP ROMÁN GARCÍA",44000121,cen
CEIP,Zaragoza,"41.329898, -1.794291","CEIP VIRGEN DE LA PEANA",50000618,cen
CEIP,Zaragoza,"41.192028, -1.287782","CEIP FERNANDO EL CATÓLICO",50005331,cen
CEIP,Zaragoza,"41.60764, -0.824234","CEIP ÁNGEL ESCORIAZA",50005422,cen
CEIP,Huesca,"41.519164, 0.350948","CEIP MIGUEL SERVET",22001875,cen
CEIP,Teruel,"41.049273, -0.125415","CEIP EMILIO DÍAZ",44000246,cen
CEIP,Huesca,"41.522964, 0.361697","CEIP LITERA",22001905,cen
CEIP,Teruel,"40.456638, -1.28701","CEIP MIGUEL BLASCO VILATELA",44001159,cen
CEIP,Zaragoza,"41.65547, -0.89942","CEIP JUAN XXIII",50006232,cen
CEIP,Zaragoza,"41.710241, -0.999391","CEIP MIGUEL ARTAZOS TAMÉ",50005011,cen
CEIP,Zaragoza,"41.649461, -0.877964","CEIP GASCÓN Y MARÍN",50005975,cen
CEIP,Zaragoza,"41.637709, -0.905329","CEIP DOCTOR AZÚA",50008368,cen
CEIP,Zaragoza,"41.664858, -0.873879","CEIP EUGENIO LÓPEZ Y LÓPEZ",50008149,cen
CEIP,Huesca,"42.13049, -0.417908","CEIP ALCORAZ",22002569,cen
CEIP,Zaragoza,"41.770573, -1.120964","CEIP RAMÓN Y CAJAL",50002512,cen
CEIP,Zaragoza,"41.685939, -0.768217","CEIP MARIANO CASTILLO",50005872,cen
CEIP,Zaragoza,"41.901347, -1.418043","CEIP MANLIA",50002937,cen
CEIP,Teruel,"40.341507, -1.103128","CEIP MIGUEL VALLÉS",44003107,cen
CEIP,Teruel,"40.336604, -1.107012","CEIP ENSANCHE",44003272,cen
CINTFP,Huesca,"42.140154, -0.420924","CINTFP SAN LORENZO",22005121,cen
CINTFP,Huesca,"42.121305, -0.4571708","CINTFP PIRÁMIDE",22010712,cen
CINTFP,Teruel,"41.0523027, -0.1290812","CINTFP BAJO ARAGÓN",44010537,cen
CINTFP,Zaragoza,"41.6436074, -0.897326","CINTFP CORONA DE ARAGÓN",50018829,cen
CINTFP,Zaragoza,"41.64461, -0.92286","CINTFP LOS ENLACES",50010314,cen
CONSPROFMUS,Huesca,"41.916744, 0.193802","CONSPROFMUS MIGUEL FLETA",22005376,cen
CONSPROFMUS,Zaragoza,"41.6543, -0.8745","CONSPROFMUS DE ZARAGOZA",50011264,cen
CONSPROFMUS,Huesca,"42.136878, -0.418086","CONSPROFMUS DE HUESCA",22005133,cen
CONSPROFMUS,Zaragoza,"41.90571, -1.726667","CONSPROFMUS DE TARAZONA",50010922,cen
CONSPROFMUS,Teruel,"41.050452, -0.132525","CONSPROFMUS JOSÉ PERIS LACASA",44004331,cen
CONSPROFMUS,Huesca,"42.519747, -0.370719","CONSPROFMUS DE SABIÑÁNIGO",22005443,cen
CONSPROFMUS,Teruel,"40.343967, -1.108603","CONSPROFMUS DE TERUEL",44004173,cen
CPEPA,Zaragoza,"41.651106, -0.876317","CPEPA CONCEPCIÓN ARENAL",50009993,cen
CPEPA,Teruel,"40.895335, -0.380174","CPEPA DE ALCORISA",44004847,cen
CPEPA,Zaragoza,"41.904716, -1.728348","CPEPA EL PÓSITO",50011021,cen
CPEPA,Zaragoza,"41.65655, -0.883897","CPEPA GÓMEZ LAFUENTE",50011446,cen
CPEPA,Zaragoza,"42.128034, -1.134144","CPEPA EXEA",50010843,cen
CPEPA,Zaragoza,"41.336703, -1.222554","CPEPA RICARDO SOLA ALMAU",50010821,cen
CPEPA,Teruel,"40.87247, 0.153809","CPEPA DE VALDERROBRES",44004884,cen
CPEPA,Huesca,"41.8679, 0.420746","CPEPA LITERA",22005479,cen
CPEPA,Zaragoza,"41.475753, -1.375844","CPEPA DE LA ALMUNIA DE DOÑA GODINA",50011471,cen
CPEPA,Huesca,"42.189214, 0.33678","CPEPA RIBAGORZA",22005509,cen
CPEPA,Zaragoza,"41.711373, -1.004625","CPEPA EMILIO NAVARRO",50010855,cen
CPEPA,Zaragoza,"41.114339, -1.415346","CPEPA DE DAROCA",50011483,cen
CPEPA,Huesca,"42.4442, 0.069969","CPEPA SOBRARBE",22005558,cen
CPEPA,Huesca,"41.909263, 0.195987","CPEPA CINCA MEDIO",22005480,cen
CPEPA,Zaragoza,"41.632581, -0.754815","CPEPA ALFINDÉN",50011461,cen
CPEPA,Zaragoza,"41.350311, -1.643867","CPEPA MARCO VALERIO MARCIAL",50010818,cen
CPEPA,Huesca,"42.519325, -0.365802","CPEPA ALTO GÁLLEGO",22005561,cen
CPEPA,Zaragoza,"41.719251, -1.025505","CPEPA MIGUEL HERNÁNDEZ",50010867,cen
CPEPA,Teruel,"40.831263, -0.802152","CPEPA CUENCA MINERA",44005001,cen
CPEPA,Teruel,"40.452971, -1.286436","CPEPA DE CELLA",44004951,cen
CPEPA,Zaragoza,"41.236598, -0.04345","CPEPA JOAQUÍN COSTA",50010831,cen
CPEPA,Zaragoza,"41.645817, -0.914151","CPEPA JUAN JOSÉ LORENTE",50010880,cen
CPEPA,Huesca,"42.132775, -0.403564","CPEPA MIGUEL HERNÁNDEZ",22004955,cen
CPEPA,Teruel,"40.350252, -1.109703","CPEPA ISABEL DE SEGURA",44004124,cen
CPEPA,Huesca,"42.576988, -0.541305","CPEPA JACETANIA",22005492,cen
CPEPA,Teruel,"40.912661, -1.300958","CPEPA JILOCA",44004938,cen
CPEPA,Huesca,"41.523237, 0.343389","CPEPA BAJO CINCA",22006034,cen
CPEPA,Teruel,"40.133036, -0.625207","CPEPA DE RUBIELOS DE MORA",44004926,cen
CPEPA,Zaragoza,"41.514701, -0.636016","CPEPA DE FUENTES DE EBRO",50011434,cen
CPEPA,Teruel,"41.052487, -0.125706","CPEPA RÍO GUADALOPE",44004574,cen
CPEPA,Zaragoza,"41.635566, -0.885507","CPEPA CASA CANAL",50011458,cen
CPEPA,Huesca,"41.789115, -0.158442","CPEPA MONEGROS",22005583,cen
CPEPA,Zaragoza,"41.655474, -0.866433","CPEPA MARGEN IZQUIERDA",50010879,cen
CPEPA,Huesca,"42.031494, 0.132069","CPEPA SOMONTANO",22005960,cen
CPEPA,Teruel,"40.975684, -0.444882","CPEPA DE ANDORRA",44005220,cen
CPRI-DEPOR,Zaragoza,"41.682979, -0.889643","CPRI-DEPOR ESCUELA ARAGONESA DE ENTRENADORES DE ATLETISMO",50018003,cen
CPRI-DEPOR,Zaragoza,"41.837413, -1.178261","CPRI-DEPOR CENTRO NACIONAL DE ESTUDIOS DE TÉCNICOS DEPORTIVOS (CENETED). ESPECIALIDAD FÚTBOL",50017761,cen
CPRI-DEPOR,Zaragoza,"41.6324, -0.927796","CPRI-DEPOR CENTRO DE ENSEÑANZAS DEPORTIVAS-ENTEDE",50019275,cen
CPRI-DEPOR,Huesca,"42.173035, 0.02508","CPRI-DEPOR ESCUELA DE MONTAÑA DE ALQUÉZAR",22010384,cen
CPRI-DEPOR,Zaragoza,"41.627241, -0.906439","CPRI-DEPOR CENTRO NACIONAL DE FORMACIÓN DE ENTRENADORES DE FÚTBOL (CENAFE)",50019330,cen
CPRI-DEPOR,Zaragoza,"41.66999, -0.878909","CPRI-DEPOR CENTRO NACIONAL DE ESTUDIOS E INVESTIGACIÓN DE FÚTBOL SALA (CENEIFS)",50017515,cen
CPRI-DEPOR,Huesca,"42.1319, -0.424768","CPRI-DEPOR CENTRO DE FORMACIÓN EDUCATIVA FUNDACIÓN ALCORAZ",22010840,cen
CPRI-DEPOR,Zaragoza,"41.6688359, -0.8833448","CPRI-DEPOR CENTRO DE ENSEÑANZAS DEPORTIVAS ZARAGOZA (CENDEZA)",50019172,cen
CPRI-DEPOR,Huesca,"42.76724, -0.512321","CPRI-DEPOR ESCUELA ESPAÑOLA DE ESQUÍ",22010098,cen
CPRI-DEPOR,Huesca,"42.603497, 0.518408","CPRI-DEPOR ESCUELA DE MONTAÑA DE BENASQUE",22010165,cen
CPRI-DEPOR,Zaragoza,"41.644635, -0.903298","CPRI-DEPOR CENTRO DE TECNIFICACIÓN DE LA FEDERACIÓN ARAGONESA DE FÚTBOL (CETEFA)",50017722,cen
CPRI-DEPOR,Zaragoza,"42.1262987, -1.1312478","CPRI-DEPOR CENTRO NACIONAL DE ESTUDIOS DE TÉCNICOS DEPORTIVOS (CENETED). ESPECIALIDAD FÚTBOL",50019202,cen
CPRI-EE,Zaragoza,"41.713229, -1.039659","CPRI-EE EL CARIÑO",50009646,cen
CPRI-EE,Zaragoza,"41.644673, -0.898937","CPRI-EE LA PURÍSIMA PARA NIÑOS SORDOS",50007376,cen
CPRI-EE,Zaragoza,"41.685669, -0.772219","CPRI-EE LOS PUEYOS",50009488,cen
CPRI-EE,Zaragoza,"41.699326, -0.867436","CPRI-EE SAN GERMÁN",50008915,cen
CPRI-EE,Zaragoza,"41.63279, -0.89104","CPRI-EE ATADES CENTRO DE EDUCACIÓN ESPECIAL SAN MARTÍN DE PORRES",50007674,cen
CPRI-EE,Zaragoza,"41.766474, -0.782896","CPRI-EE CEDES",50008630,cen
CPRI-EE,Huesca,"41.971302, -0.364133","CPRI-EE SAN JORGE",22010001,cen
CPRI-EE,Zaragoza,"41.645069, -0.954141","CPRI-EE SAN ANTONIO",50005616,cen
CPRI-ELEMUS,Zaragoza,"41.640399, -0.890945","CPRI-ELEMUS SANTA CECILIA",50010910,cen
CPRI-ELEMUS,Zaragoza,"41.65208, -0.907773","CPRI-ELEMUS RUBINSTEIN",50011653,cen
CPRI-ELEMUS,Zaragoza,"41.668007, -0.884156","CPRI-ELEMUS ACTUR",50017047,cen
CPRI-ELEMUS,Zaragoza,"41.639371, -0.907315","CPRI-ELEMUS ANGEL MINGOTE",50011641,cen
CPRI-ELEMUS,Zaragoza,"41.644196, -0.884589","CPRI-ELEMUS ADAGIO",50010454,cen
CPRI-ELEMUS,Zaragoza,"41.650174, -0.881867","CPRI-ELEMUS NICCOLO PAGANINI",50010442,cen
CPRI-EPA,Zaragoza,"41.6566, -0.891811","CPRI-EPA O.S.C.U.S.",50009324,cen
CPRI-EPA,Zaragoza,"41.650933, -0.907737","CPRI-EPA CODEF",50009725,cen
CPRI-ES,Zaragoza,"41.66999, -0.878909","CPRI-ES SAN VALERO",50007716,cen
CPRI-ES,Zaragoza,"41.479123, -1.377418","CPRI-ES SALESIANOS LAVIAGA-CASTILLO",50000412,cen
CPRI-ES,Zaragoza,"41.640048, -0.893195","CPRI-ES LA SALLE FRANCISCANAS GRAN VÍA",50007467,cen
CPRI-ES,Huesca,"41.917009, 0.182704","CPRI-ES SANTO DOMINGO SAVIO",22003239,cen
CPRI-ES,Zaragoza,"41.617831, -0.907522","CPRI-ES LICEO EUROPA",50009026,cen
CPRI-ES,Huesca,"42.605626, 0.524567","CPRI-ES VALLE DE BENASQUE",22006137,cen
CPRI-EXTRAN,Zaragoza,"41.662124, -0.882522","CPRI-EXTRAN LYCÉE FRANÇAIS MOLIÈRE",50006736,cen
CPRI-FPE,Zaragoza,"41.665786, -0.8923","CPRI-FPE ARSENIO JIMENO",50017096,cen
CPRI-FPE,Huesca,"42.138704, -0.409686","CPRI-FPE ALFRED",22004803,cen
CPRI-FPE,Zaragoza,"41.646536, -0.885995","CPRI-FPE COLUMBUS",50017485,cen
CPRI-FPE,Zaragoza,"41.933717, -0.761356","CPRI-FPE E.F.A. EL SALTO",50008629,cen
CPRI-FPE,Zaragoza,"41.653074, -0.903893","CPRI-FPE ARTE-MISS ZARAGOZA, CENTRO 1",50011793,cen
CPRI-FPE,Zaragoza,"41.661922, -0.882546","CPRI-FPE CPA-SALDUIE",50011574,cen
CPRI-FPE,Huesca,"42.576054, 0.464818","CPRI-FPE NUESTRA SEÑORA DE GUAYENTE",22004943,cen
CPRI-FPE,Zaragoza,"41.650232, -0.899966","CPRI-FPE ALFRED",50011616,cen
CPRI-FPE,Zaragoza,"41.770968, -1.12058","CPRI-FPE ALAÚN",50010028,cen
CPRI-FPE,Zaragoza,"41.749348, -0.8424133","CPRI-FPE FUNDACIÓN LABORAL DE LA CONSTRUCCIÓN",50019147,cen
CPRI-FPE,Zaragoza,"41.639138, -0.880003","CPRI-FPE CEFOR IZQUIERDO",50008654,cen
CPRI-FPE,Huesca,"42.134879, -0.412604","CPRI-FPE ARTE-MISS HUESCA",22010153,cen
CPRI-FPE,Zaragoza,"42.116274, -1.143383","CPRI-FPE E.F.A. BOALARES",50001829,cen
CPRI-FPE,Zaragoza,"41.638928, -0.905124","CPRI-FPE CONDES DE ARAGÓN",50010168,cen
CPRI-FPE,Zaragoza,"41.662287, -0.874273","CPRI-FPE OCÉANO ATLÁNTICO",50017503,cen
CPRI-FPE,Zaragoza,"41.645794, -0.887426","CPRI-FPE PLUS ULTRA",50009051,cen
CPRI-FPE,Zaragoza,"41.6452054, -0.8888196","CPRI-FPE LUIS MANUEL GARCÍA URREA",50018556,cen
CPRI-FPE,Zaragoza,"41.8936324, -1.7080405","CPRI-FPE ADES CENTRO TECNOLÓGICO",50019071,cen
CPRI-FPE,Zaragoza,"41.65367, -0.885148","CPRI-FPE MARCO ALDANY TALLER DE PELUQUEROS",50011631,cen
CPRI-FPE,Zaragoza,"41.73926, -1.097989","CPRI-FPE E.F.A. LA NORIA",50003863,cen
CPRI-FPE,Zaragoza,"41.632277, -0.903218","CPRI-FPE VALLE DE TENA",50011781,cen
CPRI-FPE,Zaragoza,"41.375533, 0.304468","CPRI-FPE SANTA AGATOCLIA",50009221,cen
CPRI-FPE,Zaragoza,,"CPRI-FPE ANDRÉS GARDE ERIKSON",50019381,cen
CPRI-FPE,Zaragoza,"41.654216, -0.885277","CPRI-FPE ACADEMIA MARCO",50009889,cen
CPRI-INF,Zaragoza,"41.632376, -0.927796","CPRI-INF LAS TORRES DE MONTECANAL",50018453,cen
CPRI-INF,Huesca,"41.514769, 0.325695","CPRI-INF PATI",22006061,cen
CPRI-INF,Huesca,"42.131481, -0.406964","CPRI-INF ZIMBEL",22010220,cen
CPRI-INF,Huesca,"42.143857, -0.415203","CPRI-INF PASITO A PASO",22010219,cen
CPRI-INF,Zaragoza,"41.639783, -0.86953","CPRI-INF HEIDI",50009142,cen
CPRI-INF,Zaragoza,"41.5933991, -0.681392","CPRI-INF MIMOSINES",50018544,cen
CPRI-INF,Zaragoza,"41.6161891, -0.9223300","CPRI-INF DADA",50019305,cen
CPRI-INF,Zaragoza,"41.307127, -0.751498","CPRI-INF SAN RAFAEL",50000734,cen
CPRI-INF,Zaragoza,"41.649933, -0.933329","CPRI-INF MI COLE",50018064,cen
CPRI-INF,Huesca,"42.137596, -0.401327","CPRI-INF CLUB MINNIE",22010074,cen
CPRI-INF,Zaragoza,"41.682061, -0.871548","CPRI-INF KARACOL",50018015,cen
CPRI-INF,Zaragoza,"41.6204869, -0.9249298","CPRI-INF IR CRECIENDO",50019214,cen
CPRI-INF,Zaragoza,"41.671759, -0.885435","CPRI-INF LA PEQUEÑA COMETA",50017138,cen
CPRI-INF,Zaragoza,"41.635919, -0.945647","CPRI-INF PEQUEÑOS MAESTROS",50018076,cen
CPRI-INF,Zaragoza,,"CPRI-INF MI CASITA EN EL JARDÍN",50019366,cen
CPRI-INF,Zaragoza,"41.624902, -0.909945","CPRI-INF PEQUENINOS",50017771,cen
CPRI-INF,Zaragoza,"41.653983, -0.858911","CPRI-INF CHICOTES",50017382,cen
CPRI-INF,Zaragoza,"41.663056, -0.882324","CPRI-INF CU CU-TAS TAS",50017801,cen
CPRI-INF,Zaragoza,"41.666536, -0.826896","CPRI-INF SOLETES",50017333,cen
CPRI-INF,Zaragoza,"41.7046926, -0.9973482","CPRI-INF MAGIC FOREST",50018854,cen
CPRI-INF,Zaragoza,"41.6678784, -0.8923338","CPRI-INF KID'S GARDEN ACTUR",50019263,cen
CPRI-INF,Zaragoza,"41.53861, -0.99691","CPRI-INF MI MUNDO",50017990,cen
CPRI-INF,Zaragoza,"41.659535, -0.873126","CPRI-INF EL TREN CHU-CHU",50017849,cen
CPRI-INF,Zaragoza,"41.829481, -0.765676","CPRI-INF PEQUES",50017588,cen
CPRI-INF,Zaragoza,"41.651634, -0.90774","CPRI-INF MADRE DE DIOS DE BEGOÑA",50007005,cen
CPRI-INF,Zaragoza,"41.651106, -0.892309","CPRI-INF FUNDACIÓN EL REFUGIO",50017163,cen
CPRI-INF,Teruel,"41.043906, -0.1281","CPRI-INF VEO-VEO",44010082,cen
CPRI-INF,Zaragoza,"41.625373, -0.880846","CPRI-INF SIERVAS DE LOS POBRES",50017254,cen
CPRI-INF,Huesca,"42.12828, -0.403651","CPRI-INF KID'S GARDEN HUESCA",22010396,cen
CPRI-INF,Zaragoza,"41.627794, -0.891551","CPRI-INF MUÑECOS",50017266,cen
CPRI-INF,Zaragoza,"41.629251, -0.890771","CPRI-INF LA VIRGEN NIÑA",50017308,cen
CPRI-INF,Teruel,"40.336751, -1.107003","CPRI-INF EL ENSANCHE",44010057,cen
CPRI-INF,Zaragoza,"41.64556, -0.895433","CPRI-INF PATINETE",50018052,cen
CPRI-INF,Zaragoza,"41.718071, -1.025153","CPRI-INF EL DUENDE DEL BOSQUE",50017850,cen
CPRI-INF,Zaragoza,"41.641861, -0.870615","CPRI-INF NTRA. SRA. DE LOS DOLORES",50017175,cen
CPRI-INF,Zaragoza,"41.718116, -1.026056","CPRI-INF NUESTRA SEÑORA DE LA ROSA",50017205,cen
CPRI-INF,Huesca,"42.143426, -0.40999","CPRI-INF SAN JOSÉ",22002405,cen
CPRI-INF,Zaragoza,"41.649599, -0.906569","CPRI-INF EL BARQUITO DE PAPEL",50017941,cen
CPRI-INF,Teruel,"40.34714, -1.109873","CPRI-INF DUMBO",44010094,cen
CPRI-INF,Teruel,"40.351995, -1.119398","CPRI-INF MAFALDA-LAS VIÑAS",44010318,cen
CPRI-INF,Zaragoza,"41.676338, -0.892011","CPRI-INF LA CASITA DE NANY",50011768,cen
CPRI-INF,Zaragoza,"41.6383672, -0.8677866","CPRI-INF EL NIDO DE PATRICIA",50019159,cen
CPRI-INF,Zaragoza,"41.650701, -0.867685","CPRI-INF EL OSO DEL PARQUE",50017497,cen
CPRI-INF,Zaragoza,"41.659745, -0.901015","CPRI-INF EDUCANDO",50017011,cen
CPRI-INF,Huesca,"42.036283, 0.132931","CPRI-INF ENCANTARIA",22010256,cen
CPRI-INF,Zaragoza,"41.6696017, -0.8391124","CPRI-INF CHIQUITINES II",50011811,cen
CPRI-INF,Zaragoza,"41.656307, -0.864743","CPRI-INF TIC TAC",50011628,cen
CPRI-INF,Zaragoza,"41.6621136, -0.8575046","CPRI-INF LA JOTA 2",50018571,cen
CPRI-INF,Zaragoza,"41.657839, -0.869551","CPRI-INF ZAGALINES",50018398,cen
CPRI-INF,Zaragoza,"41.669745, -0.9122624","CPRI-INF ES-COOL",50019160,cen
CPRI-INF,Zaragoza,"41.6228176, -0.9176951","CPRI-INF CHIQUILINES",50018519,cen
CPRI-INF,Zaragoza,"41.619943, -0.932625","CPRI-INF PLANETA IMAGINARIO",50019241,cen
CPRI-INF,Zaragoza,"41.6257584, -0.9069673","CPRI-INF KID'S GARDEN REYES DE ARAGÓN",50018702,cen
CPRI-INF,Zaragoza,"41.672443, -0.876535","CPRI-INF CHIP Y CHOP",50017461,cen
CPRI-INF,Zaragoza,"41.665338, -0.889665","CPRI-INF TAMBOR",50017424,cen
CPRI-INF,Zaragoza,"41.639213, -0.945243","CPRI-INF REINO MENUDO",50019342,cen
CPRI-INF,Zaragoza,"41.627379, -0.875548","CPRI-INF NUESTRA SEÑORA DE LA PAZ",50017291,cen
CPRI-INF,Zaragoza,"41.6306979, -0.7522846","CPRI-INF PEDUGUINES",50018490,cen
CPRI-INF,Huesca,"42.137677, -0.410863","CPRI-INF LAS OCAS",22010050,cen
CPRI-INF,Zaragoza,"41.671504, -0.893319","CPRI-INF EL MANZANO",50017345,cen
CPRI-INF,Huesca,"42.144496, -0.416315","CPRI-INF NTRA.SRA.DEL PILAR",22002429,cen
CPRI-INF,Zaragoza,"41.660209, -0.870919","CPRI-INF LA LOCOMOTORA",50018234,cen
CPRI-INF,Teruel,"41.051886, -0.130967","CPRI-INF SOLETES",44010161,cen
CPRI-INF,Zaragoza,"41.6562873, -0.8765379","CPRI-INF JUEGO Y APRENDO",50018507,cen
CPRI-INF,Zaragoza,"41.7028228, -0.9953251","CPRI-INF RISETAS",50018696,cen
CPRI-INF,Huesca,"42.13425, -0.402624","CPRI-INF PARCHÍS",22010189,cen
CPRI-INF,Huesca,"42.143284, -0.420681","CPRI-INF ALBADA",22010441,cen
CPRI-INF,Zaragoza,"41.691805, -0.77387","CPRI-INF ALDEAS INFANTILES SOS DE ESPAÑA",50017217,cen
CPRI-INF,Zaragoza,"41.653604, -0.877748","CPRI-INF BOLANDRINA",50017229,cen
CPRI-INF,Zaragoza,"41.677383, -0.871884","CPRI-INF CHILDREN",50006670,cen
CPRI-INF,Zaragoza,"41.657767, -0.932184","CPRI-INF ZARAPEQUES",50018295,cen
CPRI-INF,Zaragoza,"41.6450814, -0.9941768","CPRI-INF PLAZA",50018568,cen
CPRI-INF,Zaragoza,"41.605997, -0.824012","CPRI-INF LA CARTUJA BAJA",50017643,cen
CPRI-INF,Zaragoza,"41.633861, -0.875797","CPRI-INF EL ARKA DE KUPPLU",50018386,cen
CPRI-INF,Zaragoza,"41.35073, -1.646778","CPRI-INF PEQUEAYUD",50017084,cen
CPRI-INF,Huesca,"41.5245348, 0.3335055","CPRI-INF COTONET",22010864,cen
CPRI-INF,Zaragoza,"41.66581, -0.827335","CPRI-INF ZARADUENDES",50017813,cen
CPRI-INF,Zaragoza,"41.6604191, -0.9331949","CPRI-INF NENETES",50019007,cen
CPRI-INF,Teruel,"40.3328442, -1.0992139","CPRI-INF SNOOPY",44010653,cen
CPRI-INF,Zaragoza,"41.67626, -0.878037","CPRI-INF ANDARINES",50017001,cen
CPRI-INF,Teruel,"40.3280265, -1.1001655","CPRI-INF GAG CU CU-TRAS TRAS",44010689,cen
CPRI-INF,Zaragoza,"41.638882, -0.898575","CPRI-INF PELUCHE",50011756,cen
CPRI-INF,Zaragoza,"41.635194, -0.888417","CPRI-INF DIVINA PASTORA",50006682,cen
CPRI-INF,Zaragoza,"41.682558, -1.025454","CPRI-INF GARRAPINIÑOS",50011771,cen
CPRI-INF,Zaragoza,"41.6835729, -0.8728444","CPRI-INF SALTARINES",50019111,cen
CPRI-INF,Zaragoza,"41.654011, -0.920907","CPRI-INF BOSQUE TERNURA",50007613,cen
CPRI-INF,Zaragoza,"41.6457122, -0.8942365","CPRI-INF MONIGOTES",50018866,cen
CPRI-INF,Zaragoza,"41.675177, -0.877615","CPRI-INF DUENDEDUCA",50018167,cen
CPRI-INF,Zaragoza,"41.652052, -0.890556","CPRI-INF EL CARMEN",50017242,cen
CPRI-INF,Zaragoza,"41.706009, -0.997598","CPRI-INF ZAGALICOS",50018209,cen
CPRI-INF,Zaragoza,"41.64976, -0.878557","CPRI-INF JESÚS REPARADOR",50006931,cen
CPRI-INFPRI,Huesca,"41.909377, 0.187996","CPRI-INFPRI SANTA ANA",22003252,cen
CPRI-INFPRI,Huesca,"42.519875, -0.364329","CPRI-INFPRI SANTA ANA",22003860,cen
CPRI-INFPRI,Zaragoza,"41.639713, -0.894478","CPRI-INFPRI LA SALLE FRANCISCANAS",50006815,cen
CPRI-INFPRI,Huesca,"41.914533, 0.193516","CPRI-INFPRI MINTE",22003276,cen
CPRI-INFPRI,Zaragoza,"41.632074, -0.914992","CPRI-INFPRI VIRGEN DE GUADALUPE",50005483,cen
CPRI-INFPRI,Zaragoza,"41.871654, -0.792327","CPRI-INFPRI NUESTRA SEÑORA DEL PILAR",50008605,cen
CPRI-INPRISE,Zaragoza,"41.642049, -0.895452","CPRI-INPRISE CARDENAL XAVIERRE",50006566,cen
CPRI-INPRISE,Zaragoza,"41.633738, -0.905856","CPRI-INPRISE ROMAREDA",50008332,cen
CPRI-INPRISE,Huesca,"42.142304, -0.411805","CPRI-INPRISE SAN BERNARDO",22002430,cen
CPRI-INPRISE,Teruel,"41.051436, -0.130893","CPRI-INPRISE LA INMACULADA",44000271,cen
CPRI-INPRISE,Zaragoza,"41.648005, -0.878017","CPRI-INPRISE CANTÍN Y GAMBOA",50006578,cen
CPRI-INPRISE,Zaragoza,"41.63754, -0.909847","CPRI-INPRISE SAGRADO CORAZÓN-MONCAYO",50011100,cen
CPRI-INPRISE,Zaragoza,"41.646462, -0.860012","CPRI-INPRISE OBRA DIOCESANA SANTO DOMINGO DE SILOS",50007856,cen
CPRI-INPRISE,Zaragoza,"41.654774, -0.885996","CPRI-INPRISE ESCUELAS PÍAS",50006751,cen
CPRI-INPRISE,Zaragoza,"41.678429, -0.965013","CPRI-INPRISE CONDES DE ARAGÓN",50005823,cen
CPRI-INPRISE,Zaragoza,"41.646867, -0.878134","CPRI-INPRISE SAGRADO CORAZÓN",50007421,cen
CPRI-INPRISE,Zaragoza,"42.123474, -1.140814","CPRI-INPRISE NTRA. SRA. DE LAS MERCEDES",50001799,cen
CPRI-INPRISE,Zaragoza,"41.663553, -0.927526","CPRI-INPRISE SAN ALBERTO MAGNO",50005628,cen
CPRI-INPRISE,Zaragoza,"41.627839, -0.906287","CPRI-INPRISE MADRE MARÍA ROSA MOLAS",50005537,cen
CPRI-INPRISE,Zaragoza,"41.638845, -0.863349","CPRI-INPRISE BAJO ARAGÓN",50008034,cen
CPRI-INPRISE,Huesca,"42.142951, -0.414784","CPRI-INPRISE SANTA ROSA-ALTOARAGÓN",22002466,cen
CPRI-INPRISE,Zaragoza,"41.649043, -0.901198","CPRI-INPRISE HIJAS DE SAN JOSÉ",50006840,cen
CPRI-INPRISE,Huesca,"42.036629, 0.123766","CPRI-INPRISE SAN JOSÉ DE CALASANZ",22000779,cen
CPRI-INPRISE,Zaragoza,"41.678919, -0.963227","CPRI-INPRISE ANTONIO MACHADO",50008976,cen
CPRI-INPRISE,Zaragoza,"41.589128, -0.952206","CPRI-INPRISE BRITÁNICO DE ARAGÓN",50005549,cen
CPRI-INPRISE,Zaragoza,"41.662207, -0.967656","CPRI-INPRISE JUAN DE LANUZA",50009361,cen
CPRI-INPRISE,Zaragoza,"41.626279, -0.900544","CPRI-INPRISE SANTA MARÍA DEL PILAR",50007789,cen
CPRI-INPRISE,Zaragoza,"41.656094, -0.891331","CPRI-INPRISE NTRA. SRA. DEL CARMEN Y SAN JOSÉ",50007157,cen
CPRI-INPRISE,Huesca,"42.140015, -0.414192","CPRI-INPRISE SAN VIATOR",22002478,cen
CPRI-INPRISE,Teruel,"40.33257, -1.099986","CPRI-INPRISE LA SALLE-SAN JOSÉ",44003041,cen
CPRI-INPRISE,Zaragoza,"41.646852, -0.915482","CPRI-INPRISE PADRE ENRIQUE DE OSSÓ",50006797,cen
CPRI-INPRISE,Zaragoza,"41.625961, -0.907888","CPRI-INPRISE SAGRADA FAMILIA",50005513,cen
CPRI-INPRISE,Zaragoza,"41.639175, -0.888499","CPRI-INPRISE CALASANCIO",50006542,cen
CPRI-INPRISE,Huesca,"42.139553, -0.410684","CPRI-INPRISE SANTA ANA",22002417,cen
CPRI-INPRISE,Zaragoza,"41.638013, -0.886406","CPRI-INPRISE NTRA. SRA. DE LA MERCED",50007194,cen
CPRI-INPRISE,Zaragoza,"41.649646, -0.886266","CPRI-INPRISE COMPAÑÍA DE MARÍA",50006633,cen
CPRI-INPRISE,Zaragoza,"41.644913, -0.889077","CPRI-INPRISE COLEGIO MONTESSORI",50006581,cen
CPRI-INPRISE,Huesca,"42.033204, 0.119075","CPRI-INPRISE SAN VICENTE DE PAÚL",22000767,cen
CPRI-INPRISE,Zaragoza,"41.632087, -0.900363","CPRI-INPRISE EL SALVADOR",50010272,cen
CPRI-INPRISE,Zaragoza,"41.636003, -0.880405","CPRI-INPRISE MARÍA AUXILIADORA",50007017,cen
CPRI-INPRISE,Zaragoza,"41.639364, -0.87296","CPRI-INPRISE AGUSTÍN GERICÓ",50007078,cen
CPRI-INPRISE,Zaragoza,"41.627867, -0.9101","CPRI-INPRISE SANSUEÑA",50005495,cen
CPRI-INPRISE,Zaragoza,"41.686745, -0.868839","CPRI-INPRISE CRISTO REY",50006669,cen
CPRI-INPRISE,Zaragoza,"41.653776, -0.875114","CPRI-INPRISE SAN VICENTE DE PAÚL",50007728,cen
CPRI-INPRISE,Teruel,"40.340096, -1.105797","CPRI-INPRISE LA PURÍSIMA Y SANTOS MÁRTIRES",44003171,cen
CPRI-INPRISE,Zaragoza,"41.636263, -0.925604","CPRI-INPRISE SANTA MAGDALENA SOFÍA",50007777,cen
CPRI-INPRISE,Zaragoza,"41.617831, -0.907522","CPRI-INPRISE LICEO EUROPA",50006724,cen
CPRI-INPRISE,Zaragoza,"41.350551, -1.639177","CPRI-INPRISE SANTA ANA",50001121,cen
CPRI-INPRISE,Zaragoza,"41.901509, -1.723487","CPRI-INPRISE NTRA. SRA. DEL PILAR",50004594,cen
CPRI-INPRISE,Zaragoza,"41.657869, -0.867757","CPRI-INPRISE LA PURÍSIMA Y SAN ANTONIO",50007388,cen
CPRI-INPRISE,Zaragoza,"41.651055, -0.919927","CPRI-INPRISE MARÍA INMACULADA",50006803,cen
CPRI-INPRISE,Teruel,"41.049989, -0.132154","CPRI-INPRISE SAN VALERO",44000261,cen
CPRI-INPRISE,Zaragoza,"41.905878, -1.728544","CPRI-INPRISE SAGRADA FAMILIA",50004570,cen
CPRI-INPRISE,Zaragoza,"41.651483, -0.883786","CPRI-INPRISE SANTA ROSA",50007807,cen
CPRI-INPRISE,Zaragoza,"41.671563, -0.882797","CPRI-INPRISE SAGRADO CORAZÓN DE JESÚS",50007431,cen
CPRI-INPRISE,Zaragoza,"41.668708, -0.882163","CPRI-INPRISE EL PILAR-MARISTAS",50007327,cen
CPRI-INPRISE,Zaragoza,"41.652952, -0.883361","CPRI-INPRISE CALASANZ",50006554,cen
CPRI-INPRISE,Zaragoza,"41.632909, -0.886549","CPRI-INPRISE VILLA CRUZ",50007996,cen
CPRI-INPRISE,Teruel,"40.351995, -1.119398","CPRI-INPRISE LAS VIÑAS",44003077,cen
CPRI-INPRISE,Zaragoza,"41.633515, -0.871056","CPRI-INPRISE ESCUELAS PÍAS DE SANTA ENGRACIA",50006761,cen
CPRI-INPRISE,Zaragoza,,"CPRI-INPRISE INTERNACIONAL ÁNFORA",50019378,cen
CPRI-INPRISE,Zaragoza,"41.833309, -1.534824","CPRI-INPRISE SANTA ANA",50000862,cen
CPRI-INPRISE,Zaragoza,"41.872479, -0.755411","CPRI-INPRISE SAN GABRIEL",50008617,cen
CPRI-INPRISE,Teruel,"40.333383, -1.108403","CPRI-INPRISE VICTORIA DÍEZ",44003156,cen
CPRI-INPRISE,Zaragoza,"41.490718, -0.527099","CPRI-INPRISE SANTA MARÍA DE LA ESPERANZA",50003838,cen
CPRI-INPRISE,Zaragoza,"41.644198, -0.905012","CPRI-INPRISE SANTA MARÍA REINA",50007790,cen
CPRI-INPRISE,Zaragoza,"41.646592, -0.874974","CPRI-INPRISE INMACULADA CONCEPCIÓN",50006888,cen
CPRI-INPRISE,Zaragoza,"41.656756, -0.891298","CPRI-INPRISE LA ANUNCIATA",50006463,cen
CPRI-INPRISE,Zaragoza,"41.636004, -0.890966","CPRI-INPRISE POMPILIANO",50007352,cen
CPRI-INPRISE,Zaragoza,"41.645649, -0.881106","CPRI-INPRISE NTRA. SRA. DEL CARMEN",50007133,cen
CPRI-INPRISE,Zaragoza,"41.77228, -1.124615","CPRI-INPRISE NTRA. SRA DEL CASTILLO",50000151,cen
CPRI-INPRISE,Zaragoza,"41.629999, -0.881727","CPRI-INPRISE EL BUEN PASTOR",50006529,cen
CPRI-INPRISE,Huesca,"42.565103, -0.552342","CPRI-INPRISE ESCUELAS PÍAS",22002703,cen
CPRI-INPRISE,Zaragoza,"41.644635, -0.903298","CPRI-INPRISE SALESIANO NTRA. SRA.DEL PILAR",50007236,cen
CPRI-INPRISE,Zaragoza,"41.637115, -0.870835","CPRI-INPRISE LA SALLE MONTEMOLÍN",50007479,cen
CPRI-INPRISE,Zaragoza,"41.668991, -0.829976","CPRI-INPRISE LA CONCEPCIÓN",50005781,cen
CPRI-INPRISE,Zaragoza,"41.641267, -0.881761","CPRI-INPRISE SAN AGUSTÍN",50007509,cen
CPRI-INPRISE,Zaragoza,"41.657441, -0.855479","CPRI-INPRISE DON BOSCO",50006700,cen
CPRI-INPRISE,Zaragoza,"41.634271, -0.886748","CPRI-INPRISE SAN ANTONIO DE PADUA",50007534,cen
CPRI-INPRISE,Zaragoza,"41.238088, -0.042015","CPRI-INPRISE SANTA ANA",50001362,cen
CPRI-INPRISE,Zaragoza,"41.643578, -0.81751","CPRI-INPRISE LA ALFRANCA",50011057,cen
CPRI-INPRISE,Zaragoza,"41.674403, -0.960046","CPRI-INPRISE TERESIANO DEL PILAR",50007248,cen
CPRI-INPRISE,Zaragoza,"41.635058, -0.88616","CPRI-INPRISE LA MILAGROSA",50007042,cen
CPRI-INPRISE,Huesca,"41.526943, 0.33591","CPRI-INPRISE SANTA ANA",22001899,cen
CPRI-INPRISE,Huesca,"41.850232, 0.296405","CPRI-INPRISE VIRGEN DEL ROMERAL",22001085,cen
CPRI-INPRISE,Zaragoza,"41.628708, -0.871074","CPRI-INPRISE SANTA ANA",50007731,cen
CPRI-INTFP,Zaragoza,"41.632376, -0.927796","CPRI-INTFP LA SALLE-SANTO ANGEL",50007492,cen
CPRI-PRI,Zaragoza,"41.631383, -0.886841","CPRI-PRI ADVENTISTA RIGEL",50006426,cen
CPRI-PRI,Zaragoza,"41.65703, -0.879593","CPRI-PRI ESCOLANÍA INFANTES DEL PILAR",50008344,cen
CPRI-PRI,Zaragoza,"41.717663, -1.026907","CPRI-PRI SAN MIGUEL",50005562,cen
CPRI-PRISEC,Zaragoza,"41.626898, -0.904922","CPRI-PRISEC MONTEARAGÓN",50007066,cen
CRA,Huesca,"41.977455, -0.53716","CRA VIOLADA MONEGROS",22005844,cen
CRA,Teruel,"40.358129, -1.176726","CRA TURIA",44004628,cen
CRA,Teruel,"40.409546, -1.431951","CRA DE ALBARRACÍN",44004793,cen
CRA,Zaragoza,"41.415818, -1.492948","CRA VICORT-ISUELA",50011367,cen
CRA,Zaragoza,"41.948743, -1.6973","CRA BÉCQUER",50011227,cen
CRA,Zaragoza,"41.497516, -0.147113","CRA L' ALBADA",50011321,cen
CRA,Teruel,"40.673668, -0.702996","CRA PABLO ANTONIO CRESPO",44004677,cen
CRA,Huesca,"42.605626, 0.524567","CRA ALTA RIBAGORZA",22005881,cen
CRA,Huesca,"42.108909, 0.480399","CRA RIBAGORZA ORIENTAL",22005790,cen
CRA,Teruel,"40.845527, -0.892438","CRA DE MARTÍN DEL RÍO",44004768,cen
CRA,Teruel,"40.634514, -1.003321","CRA TERUEL UNO",44002541,cen
CRA,Huesca,"42.010622, 0.261332","CRA ESTADILLA-FONZ",22005716,cen
CRA,Zaragoza,"42.28086, -1.271326","CRA LOS BAÑALES",50011410,cen
CRA,Zaragoza,"41.44423, -1.707099","CRA RÍO RIBOTA",50011161,cen
CRA,Teruel,"40.430351, -1.57267","CRA SIERRA DE ALBARRACÍN",44004495,cen
CRA,Teruel,"40.838342, -1.325451","CRA GOYA",44004689,cen
CRA,Teruel,"40.190207, -0.652173","CRA PÓRTICO DE ARAGÓN",44004781,cen
CRA,Zaragoza,"41.466656, -1.085827","CRA ORBA",50011380,cen
CRA,Zaragoza,"41.258917, -0.873176","CRA L' ALBARDÍN",50011203,cen
CRA,Zaragoza,"41.31013, -2.060151","CRA PUERTA DE ARAGÓN",50011318,cen
CRA,Huesca,"41.800286, 0.412068","CRA DE ALTORRICÓN",22005819,cen
CRA,Teruel,"41.219061, -0.442915","CRA BAJO MARTÍN",44004801,cen
CRA,Huesca,"42.628162, -0.321667","CRA ALTO GÁLLEGO",22005731,cen
CRA,Teruel,"40.981417, -0.147925","CRA DEL MEZQUÍN",44004811,cen
CRA,Teruel,"41.030251, -0.808659","CRA DE MUNIESA",44004771,cen
CRA,Teruel,"40.755383, 0.03932","CRA TASTAVÍNS",44004756,cen
CRA,Zaragoza,"41.286759, -1.617363","CRA TRES RIBERAS",50011151,cen
CRA,Huesca,"42.603453, -0.121629","CRA ALTO ARA",22001243,cen
CRA,Teruel,"41.107434, -0.251552","CRA REGALLO",44004471,cen
CRA,Teruel,"40.799219, -0.316822","CRA OLEA",44004732,cen
CRA,Huesca,"42.196281, 0.39437","CRA BAJA RIBAGORZA",22005704,cen
CRA,Teruel,"40.436269, -0.850964","CRA PALMIRA PLÁ",44004719,cen
CRA,Zaragoza,"41.546944, -1.649014","CRA ARANDA-ISUELA",50011148,cen
CRA,Teruel,"40.929191, 0.21184","CRA ALGARS",44005131,cen
CRA,Zaragoza,"41.397492, -1.829568","CRA EL MIRADOR",50011173,cen
CRA,Zaragoza,"41.575446, -0.648784","CRA LA SABINA",50011409,cen
CRA,Zaragoza,"41.41012, -0.45766","CRA DEL EBRO",50011355,cen
CRA,Zaragoza,"41.759738, -1.472296","CRA LAS VIÑAS",50011291,cen
CRA,Zaragoza,"41.798116, -0.609406","CRA BAJO GÁLLEGO",50011422,cen
CRA,Huesca,"41.695274, 0.176314","CRA ALBEOS",22005832,cen
CRA,Huesca,"41.930347, -0.067424","CRA A REDOLADA",22005698,cen
CRA,Zaragoza,"41.443536, -1.563071","CRA EL ENEBRO",50011136,cen
CRA,Teruel,"40.92228, -1.499418","CRA CAMPO BELLO",44005153,cen
CRA,Zaragoza,"41.054938, -1.558398","CRA CERRO DE SANTA CRUZ",50011197,cen
CRA,Zaragoza,"42.115953, -0.948791","CRA MONLORA",50011215,cen
CRA,Huesca,"41.843752, -0.260031","CRA MONEGROS-HOYA",22005868,cen
CRA,Huesca,"41.872824, -0.458505","CRA LA SABINA",22005856,cen
CRA,Zaragoza,"41.632475, -1.300112","CRA DE LUMPIAQUE",50011124,cen
CRA,Teruel,"40.566245, -1.317175","CRA CUNA DEL JILOCA",44005074,cen
CRA,Teruel,"41.014217, 0.186699","CRA MATARRANYA",44005062,cen
CRA,Teruel,"41.030989, -0.594975","CRA ARIÑO-ALLOZA",44004720,cen
CRA,Zaragoza,"41.569052, -0.741541","CRA MARÍA MOLINER",50011331,cen
CRA,Huesca,"42.14263, -0.012977","CRA VERO-ALCANADRE",22000056,cen
CRA,Teruel,"40.925245, 0.076059","CRA DE LA FRESNEDA",44004744,cen
CRA,Huesca,"42.145548, -0.456668","CRA MONTEARAGÓN",22005728,cen
CRA,Zaragoza,"41.628265, -0.891363","CRA LA HUECHA",50011379,cen
CRA,Teruel,"40.866419, -0.520106","CRA SOMONTANO-BAJO ARAGÓN",44004707,cen
CRA,Huesca,"41.82446, 0.199015","CRA EL TRÉBOL",22005741,cen
CRA,Huesca,"41.769316, -0.328963","CRA MONEGROS NORTE",22002843,cen
CRA,Zaragoza,"41.176453, 0.165328","CRA FABARA-NONASPE DOS AGUAS",50011343,cen
CRA,Teruel,"40.523975, -0.40467","CRA ALTO MAESTRAZGO",44004690,cen
CRA,Zaragoza,"41.249604, -1.154729","CRA LA CEPA",50011392,cen
CRA,Teruel,"40.361296, -0.44719","CRA MAESTRAZGO GÚDAR",44004616,cen
CRA,Teruel,"40.884378, -1.334034","CRA EL POYO DEL CID",44005165,cen
CRA,Huesca,"41.493487, -0.151525","CRA MONTESNEGROS",22005686,cen
CRA,Huesca,"41.473417, 0.333552","CRA RIBERA DEL CINCA",22005807,cen
CRA,Zaragoza,"41.766409, -1.172933","CRA ÍNSULA BARATARIA",50011239,cen
CRA,Zaragoza,"42.197623, -1.336436","CRA LUIS BUÑUEL",50011240,cen
CRA,Teruel,"40.05906, -0.828855","CRA JAVALAMBRE",44004483,cen
CRA,Huesca,"42.559283, -0.788084","CRA RÍO ARAGÓN",22005789,cen
CRA,Zaragoza,"41.215724, -1.833712","CRA MESA-PIEDRA-ALTO CAMPILLO",50011185,cen
CRA,Huesca,"41.9106, 0.181981","CRA ARCO IRIS",22005820,cen
CRA,Huesca,"41.865107, 0.461558","CRA LA LLITERA",22005674,cen
CRA,Huesca,"42.581921, 0.295112","CRA CINCA-CINQUETA",22003586,cen
CRIE,Zaragoza,"41.67858, -0.968307","CRIE VENTA DEL OLIVAR",50700239,cen
CRIE,Teruel,"40.9163034, -1.3013142","CRIE CALAMOCHA",44700153,cen
CRIE,Teruel,"40.4106159, -1.4306606","CRIE ALBARRACIN",44700141,cen
CRIE,Teruel,"40.8915162, -0.3809659","CRIE ALCORISA",44700131,cen
EARTE,Huesca,"42.140561, -0.402039","EARTE DE HUESCA",22005145,cen
EARTE,Teruel,"40.343232, -1.107781","EARTE ESCUELA DE ARTE DE TERUEL",44003284,cen
EARTE,Zaragoza,"41.648844, -0.878101","EARTE DE ZARAGOZA",50008514,cen
ECA,Huesca,"42.559706, -0.787759","ECA INSTITUTO DE FORMACIÓN AGROAMBIENTAL",22002740,cen
EEI,Zaragoza,"41.3227925, -0.3436878","EEI DE SÁSTAGO",50019226,cen
EEI,Teruel,"41.052282, -0.129326","EEI LA SELVETA",44010276,cen
EEI,Zaragoza,"41.289411, -0.32314","EEI DE ESCATRÓN",50017825,cen
EEI,Zaragoza,"41.739284, -1.036323","EEI LA PARVADICA",50018180,cen
EEI,Huesca,"42.724313, -0.285859","EEI TRIAMOLETA",22010335,cen
EEI,Huesca,"42.7467853, -0.5160455","EEI LA CASITA BLANCA",22010581,cen
EEI,Zaragoza,"41.6135174, -0.7056319","EEI LA CUEVA ENCANTADA",50018911,cen
EEI,Zaragoza,"41.209849, -1.084838","EEI ZAGALICOS",50017141,cen
EEI,Zaragoza,"41.702493, -0.998783","EEI LA COMETA",50017606,cen
EEI,Teruel,"40.736507, -1.499411","EEI DE OJOS NEGROS",44010173,cen
EEI,Huesca,"42.190022, 0.335918","EEI NININS",22010281,cen
EEI,Zaragoza,"41.775055, -0.821204","EEI ZAGALICOS",50018313,cen
EEI,Teruel,"40.8651879, -0.5208924","EEI DE LA MATA DE LOS OLMOS",44010550,cen
EEI,Huesca,"41.79749, 0.273165","EEI LA COMETA",22010104,cen
EEI,Huesca,"41.619207, 0.1924578","EEI DE BALLOBAR",22010566,cen
EEI,Zaragoza,"41.663129, -0.988297","EEI NUESTRA SEÑORA DE LORETO",50018040,cen
EEI,Zaragoza,"41.3092958, -0.7503189","EEI GARABATOS",50018601,cen
EEI,Huesca,"41.82468, 0.19976","EEI ABABOL",22010301,cen
EEI,Zaragoza,"41.376634, 0.302504","EEI LA RUELLA",50018179,cen
EEI,Huesca,"41.9774555, -0.5371604","EEI ARBOLEDA",22010645,cen
EEI,Huesca,"42.4421126, 0.0753301","EEI NINONES",22010578,cen
EEI,Zaragoza,"41.123482, 0.137984","EEI DE MAELLA",50018106,cen
EEI,Huesca,"42.512465, 0.485545","EEI LA MAINADA",22010177,cen
EEI,Huesca,"42.132572, -0.353382","EEI LA CANTERA",22010244,cen
EEI,Huesca,"42.4944052, -0.1191759","EEI CHAVALINES",22010736,cen
EEI,Zaragoza,"41.6182415, -0.7817926","EEI RENACUAJOS",50018659,cen
EEI,Zaragoza,"41.7897533, -1.215297","EEI DE PEDROLA",50018799,cen
EEI,Huesca,"41.9093356, -0.4476302","EEI DE FRULA",22010621,cen
EEI,Teruel,"40.9292004, 0.2130679","EEI SAGALETS (AULA DE CRETAS)",44010616,cen
EEI,Zaragoza,"41.335867, -1.183788","EEI ARCO IRIS",50018210,cen
EEI,Zaragoza,"41.233645, -0.046899","EEI DE CASPE",50017746,cen
EEI,Teruel,"41.9424232, -1.3256747","EEI SANTA ENGRACIA",44010379,cen
EEI,Zaragoza,"41.3635871, -1.2976562","EEI DE COSUENDA",50018763,cen
EEI,Zaragoza,"41.3300067, -1.7954665","EEI LA SOLANA",50018726,cen
EEI,Zaragoza,"42.285218, -1.27125","EEI DE SÁDABA",50018027,cen
EEI,Zaragoza,"41.2974999, -1.8892938","EEI ZAGALINES",50018921,cen
EEI,Teruel,"40.832132, 0.1839895","EEI SAGALETS (AULA DE BECEITE)",44010665,cen
EEI,Huesca,"41.867537, 0.421164","EEI EL TAMARINDO",22010190,cen
EEI,Zaragoza,"42.1391977, -1.2289927","EEI GLORIA FUERTES-SANTA ANASTASIA",50018994,cen
EEI,Zaragoza,"41.631835, -1.300592","EEI DE LUMPIAQUE",50019044,cen
EEI,Zaragoza,"41.7535665, -0.633337","EEI DE PERDIGUERA",50018741,cen
EEI,Huesca,"41.9308523, -0.0677736","EEI DE PERALTA DE ALCOFEA",22010499,cen
EEI,Zaragoza,"41.654924, -0.8729462","EEI EL BOSQUE",50018878,cen
EEI,Teruel,"40.2980235, -1.121025","EEI DE TERUEL (VILLAESPESA)",44010525,cen
EEI,Teruel,"40.9233009, -0.2673826","EEI LA REPLACETA",44010367,cen
EEI,Zaragoza,"41.3403078, -1.2683784","EEI ZAGALICOS",50019032,cen
EEI,Zaragoza,"41.7710404, -1.124615","EEI DE TORRES DE BERRELLÉN",50019068,cen
EEI,Huesca,"42.1333293, -0.4025109","EEI MARÍA SÁNCHEZ ARBÓS",22010803,cen
EEI,Teruel,"40.98732, -0.033683","EEI LOS MONCHONES",44010124,cen
EEI,Huesca,"41.8068025, -0.4514643","EEI DE ALCUBIERRE",22010682,cen
EEI,Huesca,"42.6037071, -0.1207432","EEI DE BROTO",22010827,cen
EEI,Zaragoza,"41.5431736, -0.9956047","EEI PALMAS PALMITAS",50018908,cen
EEI,Zaragoza,"41.676656, -0.897628","EEI MARÍA URREA",50018362,cen
EEI,Zaragoza,"41.9486336, -1.6972832","EEI CANTACUCOS",50019196,cen
EEI,Teruel,"41.032018, -0.592774","EEI DE ALBALATE DEL ARZOBISPO",44010331,cen
EEI,Zaragoza,"41.940206, -1.326506","EEI DE SANTA ENGRACIA",50017564,cen
EEI,Zaragoza,"42.262231, -1.18939","EEI DE BIOTA",50017035,cen
EEI,Zaragoza,"41.9349494, -1.3940513","EEI DE NOVILLAS",50018465,cen
EEI,Teruel,"40.43685, -0.849895","EEI EL PARQUE",44010197,cen
EEI,Huesca,"42.574444, -0.551299","EEI DE JACA",22010207,cen
EEI,Huesca,"42.627577, -0.324681","EEI DE BIESCAS",22010268,cen
EEI,Teruel,"40.3323688, -1.5364577","EEI DE MOSCARDÓN",44010446,cen
EEI,Zaragoza,"41.6512479, -0.8957663","EEI EL ANDÉN",50018881,cen
EEI,Zaragoza,"41.4986911, -0.1524316","EEI DE BUJARALOZ",50018751,cen
EEI,Teruel,"40.1895214, -0.6536006","EEI DE RUBIELOS DE MORA",44010471,cen
EEI,Zaragoza,"41.668991, -0.829976","EEI BRIOLETAS",50018350,cen
EEI,Zaragoza,"41.652, -0.931106","EEI LOS IBONES",50018349,cen
EEI,Zaragoza,"41.666013, -0.872511","EEI PIRINEOS",50017527,cen
EEI,Huesca,"42.77212, -0.332808","EEI DE SALLENT DE GÁLLEGO",22010013,cen
EEI,Zaragoza,"41.2047224, -0.7088003","EEI DE LÉCERA",50018945,cen
EEI,Teruel,"40.333935, -1.0997336","EEI DE TERUEL (BARRIO ARRABAL)",44010483,cen
EEI,Huesca,"41.9061846, 0.4337013","EEI DE ALCAMPELL",22010517,cen
EEI,Zaragoza,"41.628511, -0.874084","EEI LA PAZ",50018374,cen
EEI,Teruel,"40.4593321, -1.2876494","EEI SARGANTESA",44010641,cen
EEI,Teruel,"40.1421231, -0.8139914","EEI DE SARRIÓN",44010409,cen
EEI,Huesca,"41.865393, 0.461948","EEI LO NIU",22010062,cen
EEI,Huesca,"41.704369, 0.323559","EEI LUPITA",22010271,cen
EEI,Teruel,"40.7869457, -0.0325728","EEI SAGALETS (AULA DE MONROYO)",44010598,cen
EEI,Zaragoza,"41.66036, -0.874775","EEI VILLACAMPA",50011872,cen
EEI,Zaragoza,"41.476407, -1.375982","EEI DE LA ALMUNIA DE DOÑA GODINA",50017540,cen
EEI,Teruel,"41.048194, 0.101197","EEI SAGALETS (AULA DE MAZALEÓN)",44010185,cen
EEI,Huesca,"41.4736751, 0.3335424","EEI DE TORRENTE DE CINCA",22010700,cen
EEI,Zaragoza,,"EEI DE LA MUELA",50019238,cen
EEI,Teruel,"40.812395, -0.84963","EEI DE UTRILLAS",44010291,cen
EEI,Zaragoza,"41.1916266, -1.8847602","EEI DE JARABA",50018477,cen
EEI,Zaragoza,"42.1780486, -1.1991547","EEI GLORIA FUERTES-BARDENAS",50018970,cen
EEI,Teruel,"40.913055, -1.3027794","EEI PRIMEROS PASOS",44010434,cen
EEI,Teruel,"40.450919, -1.2892192","EEI DE VILLARQUEMADO",44010410,cen
EEI,Huesca,"42.5587999, -0.7150496","EEI DE SANTA CILIA",22010530,cen
EEI,Huesca,"41.9035071, 0.187759","EEI CLARA CAMPOAMOR",22010694,cen
EEI,Zaragoza,"41.511596, -1.400778","EEI NERTÓBRIGA",50017989,cen
EEI,Teruel,"41.161358, -0.4693275","EEI SEÑORA PABLA",44010549,cen
EEI,Zaragoza,"41.47713, -1.568071","EEI FRANCISCA GIL DE LA RIVA",50018088,cen
EEI,Huesca,"41.5000094, -0.0384445","EEI DE PEÑALBA",22010761,cen
EEI,Zaragoza,"41.5889882, -0.942977","EEI LAS HABLILLAS",50018891,cen
EEI,Huesca,"41.848571, 0.297542","EEI CONCEPCIÓN BAÑERES",22010232,cen
EEI,Zaragoza,"41.870857, -0.785064","EEI LAS BALSAS",50017734,cen
EEI,Zaragoza,"41.524505, -1.345139","EEI DE CALATORAO",50017151,cen
EEI,Huesca,"42.0303992, 0.13624548","EEI DE BARBASTRO",22010487,cen
EEI,Teruel,"40.8734761, 0.1499462","EEI DE VALDERROBRES",44010495,cen
EEI,Huesca,"42.039091, -0.581267","EEI @S`CRI@S",22010360,cen
EEI,Teruel,"41.013712, 0.1845093","EEI DE CALACEITE",44010458,cen
EEI,Zaragoza,"41.8297842, -1.24342","EEI DE LUCENI",50018520,cen
EEI,Teruel,"40.935147, -0.086827","EEI LA CODOÑERA",44010240,cen
EEI,Teruel,"40.835565, -0.798666","EEI DE MONTALBÁN",44010252,cen
EEI,Zaragoza,"41.4022364, -1.1698946","EEI DE LONGARES",50018957,cen
EEI,Zaragoza,"41.7970411, -0.6109599","EEI DE LECIÑENA",50018738,cen
EEI,Zaragoza,"41.834914, -1.528175","EEI BALTASAR GONZÁLEZ",50018301,cen
EEI,Zaragoza,"41.114887, -1.41064","EEI PINOCHO",50017758,cen
EEI,Teruel,"40.981148, -0.144448","EEI SANTA BÁRBARA",44010148,cen
EEI,Teruel,"40.5663946, -1.3126363","EEI DE SANTA EULALIA",44010513,cen
EEI,Huesca,"42.0946197, -0.3563396","EEI ANDARINES",22010542,cen
EEI,Huesca,"41.769835, -0.3282039","EEI DE LANAJA",22010657,cen
EEI,Teruel,"40.8329714, -0.2437739","EEI DE MAS DE LAS MATAS",44010628,cen
EEI,Zaragoza,"42.126094, -1.140359","EEI GLORIA FUERTES",50018325,cen
EEI,Zaragoza,"41.57122, -0.742055","EEI LA COMETA",50017931,cen
EEI,Teruel,"40.926702, 0.075239","EEI SAGALETS (AULA DE LA FRESNEDA)",44010227,cen
EEI,Zaragoza,"41.4231809, -1.3804526","EEI DE ALPARTIR",50018593,cen
EEI,Zaragoza,"41.4749976, -1.4724816","EEI DE MORATA DE JALÓN",50018611,cen
EEI,Teruel,"40.938814, -0.229525","EEI DE CALANDA",44010136,cen
EEI,Teruel,"40.411599, -1.428383","EEI DE ALBARRACÍN",44010343,cen
EEI,Zaragoza,"41.761403, -1.472462","EEI DE FUENDEJALÓN",50018404,cen
EEI,Zaragoza,"41.905968, -1.720229","EEI DE TARAZONA",50017837,cen
EEI,Zaragoza,"41.6502654, -0.8865201","EEI DE LA DELEGACIÓN ESPECIAL DE ECONOMÍA Y HACIENDA DE ARAGÓN",50018969,cen
EEI,Zaragoza,"41.644903, -0.86962","EEI LA PIRAÑA",50018192,cen
EEI,Zaragoza,"41.442657, -1.562911","EEI DE SABIÑÁN",50017576,cen
EEI,Huesca,"42.136878, -0.418086","EEI LAS PAJARITAS",22010463,cen
EEI,Zaragoza,"41.6530649, -0.8653932","EEI PARQUE BRUIL",50019135,cen
EEI,Teruel,"40.5226647, -0.4049918","EEI DE CANTAVIEJA",44010392,cen
EEI,Zaragoza,"41.735794, -1.099528","EEI DE PINSEQUE",50017321,cen
EEI,Huesca,"41.521214, 0.340812","EEI XIQUETS",22010402,cen
EEI,Zaragoza,"41.5918628, -0.9327028","EEI LAS FÁBULAS",50019093,cen
EEI,Huesca,"41.7144781, 0.121306","EEI SANTA CATALINA",22010748,cen
EEI,Zaragoza,"41.426297, -0.496434","EEI DE QUINTO",50018118,cen
EEI,Zaragoza,"41.7442721, -1.0719632","EEI LA CUNICA",50018532,cen
EEI,Zaragoza,"41.917086, -1.254357","EEI DE TAUSTE",50017552,cen
EEI,Zaragoza,"41.8327297, -0.765731","EEI POMPITAS",50018805,cen
EEI,Teruel,"40.280919, -1.1512046","EEI DE VILLASTAR",44010631,cen
EEI,Zaragoza,"42.3340163, -0.7447606","EEI REINA BERTA",50018635,cen
EEI,Zaragoza,"41.4367998, -1.243137","EEI CHIRIBILLAS",50018581,cen
EEI,Huesca,"41.8687568, -0.4618471","EEI DE ROBRES",22010611,cen
EEI,Huesca,"42.6794252, -0.5306918","EEI DE VILLANÚA",22010608,cen
EEI,Huesca,"42.605626, 0.524567","EEI LA MAINADA",22010311,cen
EEI,Zaragoza,"41.523596, -1.59863","EEI DE BREA DE ARAGÓN",50017977,cen
EEI,Zaragoza,"41.849568, -1.252269","EEI DE BOQUIÑENI",50017965,cen
EEI,Huesca,"42.015572, -0.763655","EEI DE GURREA DE GÁLLEGO",22010438,cen
EEI,Zaragoza,"41.486592, -0.529082","EEI DE PINA DE EBRO",50019123,cen
EEI,Teruel,"40.3581298, -1.1767263","EEI DE TERUEL (SAN BLAS)",44010380,cen
EEI,Zaragoza,"41.9349808, -0.7574669","EEI DE ONTINAR DE SALZ",50018647,cen
EEI,Huesca,"42.6038148, -0.8576187","EEI DE CANAL DE BERDÚN",22010591,cen
EEI,Huesca,"42.0105238, 0.2613925","EEI DE FONZ",22010554,cen
EEI,Zaragoza,"41.4635139, -1.0864375","EEI PASICOS",50018623,cen
EEI,Zaragoza,"41.285939, -1.618524","EEI BLANCANIEVES",50017953,cen
EEI,Zaragoza,"41.8300564, -1.459793","EEI ARCO-IRIS",50018787,cen
EEI,Zaragoza,"41.633292, -0.749108","EEI JUNQUICOS",50017394,cen
EEI,Zaragoza,"41.557131, -0.961547","EEI ARCO-IRIS",50017783,cen
EEI,Huesca,"42.1695765, -0.4521101","EEI VIRGEN DEL ROSARIO",22010815,cen
EEI,Teruel,"40.5083399, -1.5869681","EEI DE BRONCHALES",44010574,cen
EEI,Huesca,"41.94226, -0.36707","EEI DE GRAÑÉN",22010669,cen
EEI,Teruel,"40.7801137, -0.25362","EEI DE AGUAVIVA",44010562,cen
EEI,Zaragoza,"41.901859, -1.418404","EEI DE MALLÉN",50017692,cen
EEI,Huesca,"42.276135, -0.688251","EEI LA FONTANETA",22010293,cen
EEI,Teruel,"40.974609, -0.442139","EEI LA MALENA",44010069,cen
EEI,Zaragoza,"41.508873, -0.628646","EEI DE FUENTES DE EBRO",50018441,cen
EEI,Zaragoza,"41.8171419, -1.517929","EEI GARNACHICA",50018714,cen
EEI,Huesca,"41.7921083, -0.1518738","EEI DE SARIÑENA",22010670,cen
EEI,Teruel,"40.894158, -0.380681","EEI DE ALCORISA",44010112,cen
EEI,Zaragoza,"41.674533, -0.88304","EEI LOS VIENTOS",50017539,cen
EEI,Zaragoza,"41.5755405, -0.6484398","EEI LOS ZAGALES",50018684,cen
EEI,Huesca,"42.109234, 0.480172","EEI LA CANALLA",22010359,cen
EEI,Zaragoza,"41.598921, -1.276854","EEI ISABEL DE ARAGÓN",50018039,cen
EEI,Teruel,"40.787883, -1.357583","EEI RICARDA GONZALO DE LIRIA",44010306,cen
EEI,Zaragoza,"41.659467, -0.897418","EEI EL TREN",50018337,cen
EEI,Zaragoza,"41.1748253, -0.4505459","EEI EL CASTILLO",50018489,cen
EEI,Huesca,"41.526204, 0.346307","EEI SANTA MARGARITA",22010414,cen
EEI,Huesca,"42.4166527, 0.1434279","EEI DE LA COMARCA DE SOBRARBE",22010724,cen
EEI,Huesca,"41.691944, 0.180838","EEI DE BELVER DE CINCA",22010426,cen
EEI,Zaragoza,"42.3629083, -1.1301742","EEI DE UNCASTILLO",50018660,cen
EEI,Huesca,"42.6336589, 0.2173016","EEI VALLE DE BIELSA",22010529,cen
EEI,Huesca,"41.9347182, 0.2421881","EEI ATALIA",22010751,cen
EEI,Huesca,"42.52038, -0.367778","EEI CARDELINA",22010128,cen
EEI,Zaragoza,"42.1927481, -1.336047","EEI GLORIA FUERTES-PINSORO",50018982,cen
EEI,Teruel,"41.174826, -0.450546","EEI EL CASTILLO",44010321,cen
EEI,Teruel,"41.2214123, -0.4414419","EEI DE LA PUEBLA DE HÍJAR",44010422,cen
EEI,Teruel,"40.2981362, -1.5020701","EEI DE TERRIENTE",44010586,cen
EEI,Huesca,"42.262679, -0.451041","EEI DE NUENO",22010475,cen
EEI,Huesca,"42.1426301, -0.0129778","EEI TREVIÑER",22010785,cen
EEI,Huesca,"41.801261, 0.412811","EEI EL PÍ",22010116,cen
EEI,Zaragoza,"41.7111003, -1.0105612","EEI LA ESTRELLA",50018672,cen
EEI,Zaragoza,"41.5401397, -1.6261405","EEI SAN JUAN BAUTISTA",50018775,cen
EEI,Zaragoza,"41.3546234, -1.6389501","EEI MARGARITA",50018933,cen
EEI,Huesca,"42.5592831, -0.7880849","EEI DE PUENTE LA REINA DE JACA",22010505,cen
EEI,Zaragoza,"41.77228, -1.124615","EEI DE ALAGÓN",50017631,cen
EEI,Zaragoza,"41.2863604, -1.2128154","EEI EL JARDINCILLO",50019056,cen
EEI,Zaragoza,"41.31013, -2.060151","EEI COLORADO COLORÍN",50018091,cen
EEI,Teruel,"40.5055359, -0.5230651","EEI DE FORTANETE",44010461,cen
EEI,Huesca,"41.7145662, -0.0453281","EEI DE SENA",22010797,cen
EEI,Huesca,"41.8416595, -0.2575528","EEI DE LALUEZA",22010633,cen
EEI,Teruel,"40.9520925, 0.0269682","EEI L'AIRASSA",44010501,cen
EPUBMUS,Teruel,"41.013712, 0.1845093","EPUBMUS DE CALACEITE",44010604,cen
EPUBMUS,Zaragoza,"41.35465, -1.640585","EPUBMUS JOSÉ DE NEBRA",50017281,cen
EPUBMUS,Huesca,"41.800396, 0.412633","EPUBMUS DE ALTORRICÓN",22010347,cen
EPUBMUS,Zaragoza,"42.122817, -1.142697","EPUBMUS ESCUELA DE MÚSICA",50017230,cen
EPUBMUS,Teruel,"41.047878, -0.129346","EPUBMUS VIRGEN DE LOS PUEYOS",44005050,cen
EPUBMUS,Zaragoza,"41.868454, -1.316828","EPUBMUS DE GALLUR",50017709,cen
EPUBMUS,Teruel,"40.354503, -1.108398","EPUBMUS CIUDAD DE TERUEL",44010215,cen
EPUBMUS,Zaragoza,"41.767671, -0.821367","EPUBMUS EVARISTO BERNAL",50017795,cen
EPUBMUS,Huesca,"42.037155, 0.125757","EPUBMUS ESCUELA DE MÚSICA",22010131,cen
EPUBMUS,Teruel,"40.871359, 0.15507","EPUBMUS DE VALDERROBRES",44010151,cen
EPUBMUS,Zaragoza,"42.358382, -1.135345","EPUBMUS ESCUELA MUNICIPAL DE MÚSICA",50017618,cen
EPUBMUS,Teruel,"40.895335, -0.380174","EPUBMUS ESCUELA DE MÚSICA",44010008,cen
EPUBMUS,Zaragoza,"41.114431, -1.412591","EPUBMUS PABLO BRUNA",50010430,cen
EPUBMUS,Zaragoza,"41.486753, -0.528694","EPUBMUS ESCUELA DE MÚSICA",50017278,cen
EPUBMUS,Teruel,"40.938916, -0.229338","EPUBMUS ESCUELA DE MÚSICA",44005141,cen
EPUBMUS,Zaragoza,"41.708457, -1.000432","EPUBMUS ESCUELA DE MÚSICA",50017199,cen
EPUBMUS,Zaragoza,"41.769351, -1.121425","EPUBMUS MIGUEL ARNAUDAS",50017187,cen
EPUBMUS,Zaragoza,"41.478506, -1.371935","EPUBMUS ESCUELA DE MÚSICA",50017412,cen
EPUBMUS,Huesca,"41.520983, 0.350131","EPUBMUS INSTITUTO MUSICAL COMARCAL",22005911,cen
EPUBMUS,Huesca,"41.9776977, -0.5381061","EPUBMUS VILLA DE TARDIENTA",22010773,cen
EPUBMUS,Huesca,"42.017305, -0.759644","EPUBMUS DE GURREA DE GÁLLEGO",22010372,cen
EPUBMUS,Teruel,"40.79573, -0.811156","EPUBMUS SALVADOR SALVADOR NAVARRO",44010288,cen
EPUBMUS,Zaragoza,"41.8678909, -0.7886396","EPUBMUS VILLA DE ZUERA",50019184,cen
EPUBMUS,Huesca,"42.410607, 0.138472","EPUBMUS JOSÉ MARÍA CAMPO",22010451,cen
EPUBMUS,Huesca,"41.851349, 0.292931","EPUBMUS ESCUELA DE MÚSICA",22005364,cen
EPUBMUSDAN,Huesca,"42.581783, -0.536741","EPUBMUSDAN PILAR BAYONA",22005224,cen
EPUBMUSDAN,Teruel,"40.790507, -1.352585","EPUBMUSDAN ESCUELA DE MÚSICA Y DANZA",44005219,cen
EPUBMUSDAN,Teruel,"40.975734, -0.4451","EPUBMUSDAN ESCUELA DE MÚSICA Y DANZA DE ANDORRA",44004604,cen
EPUBMUSDAN,Zaragoza,"41.640584, -0.902853","EPUBMUSDAN ESCUELA DE MÚSICA Y DANZA",50011549,cen
ESUPCOREBICU,Huesca,"42.14039, -0.411607","ESUPCOREBICU DE ARAGÓN",22010086,cen
GI,Zaragoza,"41.6373114,-0.8778282","GI SANTA MARÍA DEL PILAR",50600166,cen
IES,Teruel,"40.976874, -0.450569","IES PABLO SERRANO",44004653,cen
IES,Zaragoza,"41.508583, -0.630957","IES BENJAMÍN JARNÉS",50009543,cen
IES,Teruel,"40.788338, -1.357026","IES SALVADOR VICTORIA",44004665,cen
IES,Huesca,"42.192182, 0.347666","IES BALTASAR GRACIÁN",22002168,cen
IES,Zaragoza,"41.655, -0.890441","IES RAMÓN Y CAJAL",50011550,cen
IES,Zaragoza,"41.772914, -1.124972","IES CONDE ARANDA",50000163,cen
IES,Teruel,"40.353143, -1.111218","IES SEGUNDO DE CHOMÓN",44003223,cen
IES,Zaragoza,"41.657247, -0.916864","IES SANTIAGO HERNÁNDEZ",50010491,cen
IES,Teruel,"40.815112, -0.852655","IES FERNANDO LÁZARO CARRETER",44004550,cen
IES,Huesca,"41.941906, -0.365873","IES MONTES NEGROS",22006101,cen
IES,Teruel,"40.34103, -1.108503","IES VEGA DEL TURIA",44003235,cen
IES,Teruel,"41.052302, -0.129082","IES BAJO ARAGÓN",44005177,cen
IES,Teruel,"40.351859, -1.113153","IES FRANCÉS DE ARANDA",44003247,cen
IES,Zaragoza,"41.644644, -0.923391","IES RAMÓN PIGNATELLI",50008186,cen
IES,Zaragoza,"41.644209, -0.86338","IES PABLO SERRANO",50010144,cen
IES,Huesca,"42.135781, -0.40272","IES SIERRA DE GUARA",22002521,cen
IES,Zaragoza,"41.833725, -1.529385","IES JUAN DE LANUZA",50000874,cen
IES,Zaragoza,"41.668796, -0.843652","IES RÍO GÁLLEGO",50009567,cen
IES,Huesca,"41.525533, 0.339581","IES BAJO CINCA",22004888,cen
IES,Zaragoza,"41.660598, -0.903868","IES ANDALÁN",50010946,cen
IES,Teruel,"40.409546, -1.431951","IES LOBETANO",44005207,cen
IES,Zaragoza,"41.672797, -0.829818","IES ÍTACA",50005793,cen
IES,Huesca,"42.512465, 0.485545","IES DE CASTEJÓN DE SOS",22006095,cen
IES,Huesca,"42.117397, -0.446244","IES PIRÁMIDE",22002511,cen
IES,Zaragoza,"41.653905, -0.91687","IES FÉLIX DE AZARA",50009211,cen
IES,Zaragoza,"41.722608, -1.025458","IES ÁNGEL SANZ BRIZ",50011069,cen
IES,Teruel,"40.946547, -0.236674","IES VALLE DEL GUADALOPE",44005104,cen
IES,Zaragoza,"41.646566, -0.876897","IES MEDINA ALBAIDA",50010995,cen
IES,Zaragoza,"41.783284, -1.224673","IES SIGLO XXI",50011070,cen
IES,Zaragoza,"41.471984, -1.370795","IES CABAÑAS",50010533,cen
IES,Huesca,"42.138971, -0.416259","IES RAMÓN Y CAJAL",22002508,cen
IES,Zaragoza,"41.901859, -1.418404","IES VALLE DEL HUECHA",50011677,cen
IES,Huesca,"41.861787, 0.428686","IES LA LLITERA",22005391,cen
IES,Zaragoza,"41.634367, -0.872765","IES PABLO GARGALLO",50009178,cen
IES,Zaragoza,"41.6250652, -0.9293576","IES VALDESPARTERA",50019020,cen
IES,Huesca,"41.789209, -0.15307","IES MONEGROS-GASPAR LAX",22005030,cen
IES,Zaragoza,"41.673753, -0.896617","IES MIGUEL DE MOLINOS",50010958,cen
IES,Zaragoza,"41.635131, -0.889307","IES MIGUEL SERVET",50008174,cen
IES,Huesca,"42.502564, -0.362015","IES BIELLO ARAGÓN",22004891,cen
IES,Zaragoza,"41.650262, -0.927717","IES MARÍA MOLINER",50008642,cen
IES,Zaragoza,"41.703877, -0.99351","IES TORRE DE LOS ESPEJOS",50018428,cen
IES,Zaragoza,"41.711409, -1.000898","IES PEDRO CERRADA",50010041,cen
IES,Zaragoza,"41.665516, -0.870273","IES LA AZUCARERA",50017886,cen
IES,Zaragoza,"41.642748, -0.891126","IES GOYA",50008198,cen
IES,Teruel,"40.455011, -1.280422","IES SIERRA PALOMERA",44005128,cen
IES,Zaragoza,"41.677423, -0.883092","IES TIEMPOS MODERNOS",50010511,cen
IES,Zaragoza,"41.915144, -1.255668","IES RÍO ARBA",50008770,cen
IES,Zaragoza,"41.233402, -0.043817","IES MAR DE ARAGÓN",50011732,cen
IES,Navarra,,"IES SIERRA DE LEYRE",31008293,cen
IES,Zaragoza,"41.338321, -1.225399","IES JOAQUÍN COSTA",50001349,cen
IES,Zaragoza,"41.677064, -0.877718","IES AVEMPACE",50009348,cen
IES,Zaragoza,"41.354949, -1.639085","IES LEONARDO DE CHABACIER",50001167,cen
IES,Huesca,"42.568272, -0.552753","IES DOMINGO MIRAL",22002727,cen
IES,Zaragoza,"41.668165, -0.894449","IES ELAIOS",50010727,cen
IES,Huesca,"41.523237, 0.343389","IES RAMÓN J. SENDER",22001917,cen
IES,Zaragoza,"41.663178, -0.8957","IES LUIS BUÑUEL",50008460,cen
IES,Zaragoza,"42.128533, -1.12635","IES REYES CATÓLICOS",50001830,cen
IES,Teruel,"40.332221, -1.106597","IES SANTA EMERENCIANA",44003211,cen
IES,Zaragoza,"41.860148, -0.790861","IES GALLICUM",50009592,cen
IES,Huesca,"41.721375, 0.110047","IES CINCA-ALCANADRE",22006113,cen
IES,Huesca,"41.85479, 0.2947","IES SIERRA DE SAN QUÍLEZ",22005388,cen
IES,Huesca,"42.520845, -0.363853","IES SAN ALBERTO MAGNO",22003902,cen
IES,Huesca,"42.032941, 0.131694","IES HERMANOS ARGENSOLA",22000809,cen
IES,Zaragoza,"41.110735, -1.420173","IES COMUNIDAD DE DAROCA",50010284,cen
IES,Zaragoza,"42.122928, -1.137662","IES CINCO VILLAS",50009129,cen
IES,Zaragoza,"41.659918, -0.860813","IES PILAR LORENGAR",50010739,cen
IES,Zaragoza,"41.643394, -0.897516","IES CORONA DE ARAGÓN",50008125,cen
IES,Huesca,"42.411343, 0.139225","IES SOBRARBE",22005406,cen
IES,Zaragoza,"41.6765262,-0.8931996","IES PARQUE GOYA",50018416,cen
IES,Zaragoza,"41.607717, -1.297413","IES RODANAS",50011008,cen
IES,Zaragoza,"41.331869, -1.789888","IES ZAURÍN",50011252,cen
IES,Teruel,"41.171787, -0.452149","IES PEDRO LAÍN ENTRALGO",44004239,cen
IES,Huesca,"41.90486, 0.185109","IES JOSÉ MOR DE FUENTES",22003288,cen
IES,Huesca,"42.039791, 0.123253","IES MARTÍNEZ VARGAS",22004611,cen
IES,Zaragoza,"41.642406, -0.861938","IES FRANCISCO GRANDE COVIÁN",50010302,cen
IES,Zaragoza,"41.633728, -0.902072","IES MIGUEL CATALÁN",50011525,cen
IES,Zaragoza,"41.908006, -1.720792","IES TUBALCAÍN",50011513,cen
IES,Zaragoza,"41.652495, -0.873021","IES PEDRO DE LUNA",50008289,cen
IES,Zaragoza,"41.625069, -0.879251","IES JOSÉ MANUEL BLECUA",50009166,cen
IES,Zaragoza,"41.65538, -0.900508","IES EL PORTILLO",50008459,cen
IES,Huesca,"42.136129, -0.404153","IES LUCAS MALLADA",22004773,cen
IES,Huesca,"42.578286, -0.540315","IES PIRINEOS",22005765,cen
IES,Teruel,"40.246101, -0.748734","IES GÚDAR-JAVALAMBRE",44005116,cen
IES,Teruel,"40.921712, -1.295447","IES VALLE DEL JILOCA",44004045,cen
IES,Teruel,"40.871009, 0.156556","IES MATARRAÑA",44004598,cen
IES,Zaragoza,"41.660318, -0.941391","IES MIRALBUENO",50010156,cen
IES,Zaragoza,"41.357433, -1.636289","IES EMILIO JIMENO",50001179,cen
IES,Zaragoza,"41.644705, -0.909093","IES JERÓNIMO ZURITA",50008277,cen
IES,Teruel,"40.892978, -0.38274","IES DAMIÁN FORMENT",44005098,cen
IES,Zaragoza,"41.538286, -1.62478","IES SIERRA DE LA VIRGEN",50010961,cen
IES,Zaragoza,"41.625722, -0.905893","IES VIRGEN DEL PILAR",50006414,cen
IFPE,Teruel,"40.358886, -1.19003","IFPE DE SAN BLAS",44003028,cen
IFPE,Huesca,"42.127066, -0.399799","IFPE MONTEARAGÓN",22002491,cen
IFPE,Zaragoza,"41.63785, -0.799551","IFPE DE MOVERA",50005690,cen
IFPE,Teruel,"40.343316, -1.107624","IFPE ESCUELA DE HOSTELERÍA DE TERUEL",44010011,cen
SEC-IES,Zaragoza,"41.496685, -0.154067","SEC-IES MAR DE ARAGÓN",50011720,cen
SEC-IES,Huesca,"42.037349, -0.580437","SEC-IES PIRÁMIDE",22006083,cen
SEC-IES,Zaragoza,"41.7553738, -0.8355242","SEC-IES GALLICUM",50019101,cen
SEC-IES,Teruel,"40.522981, -0.404409","SEC-IES SEGUNDO DE CHOMÓN",44005190,cen
SEC-IES,Zaragoza,"41.5856572, -1.1139393","SEC-IES RODANAS",50019354,cen
SEC-IES,Zaragoza,"41.375533, 0.304468","SEC-IES BAJO CINCA",50011689,cen
SEC-IES,Huesca,"42.628565, -0.321736","SEC-IES BIELLO ARAGÓN",22006125,cen
SEC-IES,Zaragoza,"41.306595, -0.758329","SEC-IES BENJAMÍN JARNÉS",50011719,cen
SEC-IES,Zaragoza,"42.285218, -1.27125","SEC-IES REYES CATÓLICOS",50011690,cen
SEC-IES,Zaragoza,"41.633294, -0.7491811","SEC-IES ÍTACA",50018842,cen
SEC-IES,Zaragoza,"41.323226, -0.345549","SEC-IES BENJAMÍN JARNÉS",50011707,cen
SEC-IES,Zaragoza,"41.123885, 0.137145","SEC-IES MAR DE ARAGÓN",50011665,cen
