centros,type,link,label,nivel,cpro,metodologia,descripcion,más,Web con información,curso,premiado,competencias,responsables,contacto,lineas,institucional,pagina
22002673,rec,wyHkLyYYNPE,Programa Cantania San Juan de la Peña,5 primaria,ALCA,"Dentro del aula de música preparamos con todo el alumnado de 5o de EP una Cantata para ser interpretada en un concierto final con orquesta y solistas en directo. 

Se trabaja la voz y el canto coral, escenografía y movimiento escénico, potenciando el trabajo musical, artístico y dramático. 

Es un trabajo en equipo (gran grupo) que tiene como objetivo valorar la música y utilizar su metodología, activa y participativa, para favorecer y desarrollar las competencias clave.","En el video aparecen dos fragmentos de las canciones que trabajamos en clase, “Corto a mi paso” y “¡Merluza, chirlas y atún!”",,,2014/15,,Competencia en comunicación lingüística; Conciencia y expresionas culturales,,,Comunicación oral,Si,
50018131,rec,IiWC4Dvm2Gk,Semillas de inclusión,Aulas del CEE y aula de una escuela rural,_BPEI,"En el video se muestra una de las acciones llevadas a cabo en la primavera de 2012: convivencia desarrollada en Ansó entre los alumnos de ese centro y los chicos piagetenses.
","Lo desconocido da miedo y provoca rechazo, y porque ningún niño debe producir rechazo por el mero hecho de ser diferente, comenzamos a trabajar por la educación en la diversidad, por la sensibilización, por los derechos de nuestros alumnos a una infancia feliz rodeada de lo que quieren los niños: tener amigos. “Aprender y huir de la ignorancia es el mejor remedio para una vida respetuosa con los demás”","En este proyecto nos centramos en la importancia de dar a conocer la discapacidad para mejorar la inclusión de las personas que la tienen y cómo ése es uno de los objetivos en materia de convivencia para nuestro centro dadas las características de nuestro alumnado.
De entre todas las actividades realizadas en el centro, en  este trabajo  nos centramos en una experiencia que se ha estado  desarrollando durante dos cursos en una clase y que por lo “especial” queremos compartir y dar conocer. Se trata de un “hermanamiento” entre un aula del centro específico y un aula de la escuela rural de Ansó.
Nos hemos sentido tan afortunados de poder vivirla, que no podemos sino reflejar aquí un poquito de nuestro entusiasmo, que esperamos contagiar y que sirva para que otros centros se animen a llevar a cabo.

",,2014/15,,Competencias sociales y cívicas; Conciencia y expresiones culturales,,,Gestión de las emociones,No,
50018131,rec,w1qjGicBb20,Cosas de la edad,Todo el centro,_BP,"El video muestra como los principios de
habilitación y participación son posibles. Las 
personas con diversidad funcional pueden 
tener las mismas oportunidades que 
cualquier otra persona con las ayudas 
oportunas.","El  proyecto premiado cuenta con dos partes diferenciadas pero muy relacionadas entre sí. 

Planteamos este proyecto como un viaje que nos lleva del yo (VillaMÍ) al nosotros (VillaNOSOTROS), y dentro de cada uno de estos “destinos”, encontramos diferentes “etapas”. 

Trabajamos dentro del centro (el yo), mejorando habilidades personales, de forma individual y en pequeño grupo, y poco a poco hemos ido trabajando fuera del centro educativo (el nosotros), para poner en práctica con el entorno social lo que estábamos aprendiendo.",,,2014/15,,Competencias sociales y cívicas; Conciencia y expresiones culturales; Aprender a aprender,,,Gestión de las emociones,No,
50018131,rec,2QzXdqiO3mA,Happy Piaget,Todo el centro,_BP,El video muestra una de las actividades que se han desarrollado dentro del trabajo en bienestar emocional desarrollado en las aulas 10 y 11.,"Las intervenciones educativas que se desarrollan en nuestra escuela se centran en cuatro ámbitos que se retroalimentan entre sí. Tres de ellos hacen alusión a la red social de apoyo de las personas con necesidades especiales (familia, equipo interprofesional y entorno socio comunitario). Y el otro tiene que ver con la intervención centrada en la persona con diversidad funcional, basándonos en el modelo de calidad de vida y en sus dimensiones (bienestar físico, bienestar emocional, desarrollo personal, autodeterminación e inclusión social).",,,2014/15,,Competencias sociales y cívicas; Conciencia y expresiones culturales,,,Gestión de las emociones,No,
50018131,rec,Q9osa8HrZQs,La fiesta de cumpleaños,Todo el centro,_BP,El video muestra el trabajo centrado en habilidades funcionales y contextos ecológicos. También ofrece una visión sobre como implementar los principios de habilitación y participación. Y resume perfectamente lo importante que es la colaboración entre escuela y familia para que los proyectos vitales de los alumnos se puedan desarrollar.,"El proyecto premiado pretende: 
* Dar a conocer los puntos fuertes de los alumnos con discapacidad a los alumnos sin discapacidad. 
* Promover actitudes de compresión, respeto ante los alumnos con discapacidad. 
* Fomentar habilidades adecuadas de interacción, así como el interés por la relación social, con otros alumnos con discapacidad. 
* Normalizar la discapacidad en el barrio del colegio y en los entornos próximos culturales y de ocio que se visitarán 
* Promover actividades compartidas en contextos normalizados. 
* Desarrollar el sentido cívico y la conciencia ciudadana de modo que se facilite el bienestar social del alumno y su convivencia con el entorno social y natural. 
* Realizar una aproximación al concepto de diversidad desde el enfoque de lo positivo.",,,2014/15,destacado,Competencias sociales y cívicas; Conciencia y expresiones culturales,,,Gestión de las emociones; Compromiso social,No,
50001222,rec,mZKw65Y9jGo,"Así somos, así convivimos",,_BPEI,,Actividades de convivencia que mostramos así las señas de identidad de nuestro centro.,,,2014/15,premio,Competencias sociales y cívicas; Conciencia y expresiones culturales,,,Gestión de las emociones; Compromiso social,No,
50018131,rec,PtakH0HvV14,Pingües palabras con perros,Aulas 4 y 5 de EBO I,IEPR,"Proyecto de educación asistida con perros que incorpora la presencia de este animal en el aula y en todas las actividades diseñadas para los alumnos, como herramienta dinámica y motivadora para trabajar la lectura global de palabras, la estructuración de oraciones y la comprensión lectora.","A lo largo de 18 sesiones de trabajo con el perro en el aula, presentamos el vocabulario que los alumnos tienen que aprender para elaborar con él oraciones. Las oraciones las trabajamos de forma que los alumnos puedan vivenciarlas a través de la figura del perro y, de este modo, les resulten más significativas. Las oraciones se componen de palabra y pictograma asociado. Conforme avanza el proyecto, los pictogramas se van diluyendo hasta que llegan a desaparecer trabajando exclusivamente con palabras. La secuencia graduada de progresión en la dificultad de las actividades, nos permite acompañar a los alumnos en su proceso de aprendizaje.",,,2014/15,,Competencia en comunicación lingüística; Aprender a aprender; Competencias sociales y cívicas,,,Comunicación oral,No,
50017904,rec,bT2hXe4zEPs,Coro escolar,,ALCE,,,,,2014/15,,Competencias sociales y cívicas; Conciencia y expresionas culturales,,,Comunicación oral,Si,
50017874,rec,6RpECkqdxZM,Aprender a Convivir. Programa para la mejora de la Competencia Social en niños de 2º ciclo de Educación Infantil.,2º ciclo de Educación Infantil,_CONV,"El programa Aprender a Convivir se divide en 4 bloques, con 3 unidades cada una de ellas: a)normas y su cumplimiento, b)sentimientos y emociones, c) habilidades de comunicación, y d)ayuda y cooperación) 
Con ayuda de Quique, Lupi y Gabi (marionetas) se aproxima a los niños a los diferentes objetivos que se quieren conseguir en cada una de las unidades. Además se hace uso de cuentos, canciones, juegos y otras actividades, en los que los niños de forma activa adquieran de forma lúdica las diferentes habilidades propuestas por el programa.","Durante el curso 2011/12 se implementó por primera vez el programa en nuestro centro. Nuestro proyecto consta de dos partes, por un lado la formación docente previa a la implantación del programa y por otro lado la puesta en marcha del programa Aprender a Convivir con nuestros alumnos.",,,2014/15,,Aprender a aprender; Competencias sociales y cívicas,,,Gestión de las emociones,No,
22010724,rec,63CI5ztXcCo,"Colorín Colorado, este cuento aún no se ha terminado",,IEBP,ACTIVA Y PARTICIPATIVA CON LOS ALUMNOS Y LAS FAMILIAS,ESTIMULACIÓN TEMPRANA A TRAVES DE LOS CUENTOS,,,2014/15,,Competencia en comunicación lingüística; Aprender a aprender,,,Comunicación oral,No,
22002673,rec,s0ay8oN2XrE,Pirueta,Infantil,IEBP,"Los elementos de actuación incorporados son, sobre todo, la forma de aprendizaje de la lectura y la escritura. PIRUETA es algo más que una revista. PIRUETA es una metodología activa cuyo objetivo es el desarrollo de todas las Competencias Básicas. Es una forma de Aprender para la Vida y desde la vida. La escuela a veces está como alejada de la realidad exterior y el alumnado vive cosas diferentes dentro y fuera de ella. PIRUETA une estas dos realidades. Leer y escribir con PIRUETA ya no es un aprendizaje suelto, sin sentido. Con PIRUETA tratamos educativamente la comunicación y la representación. Esto implica potenciar las capacidades del alumnado, contribuyendo a la mejora de la comprensión del mundo que lo rodea y su expresión original, imaginativa y creativa. En cuanto a los procesos de enseñanza, dinamiza la actividad conjunta del 2o Ciclo de Educación Infantil. Cada aula realiza un trabajo que, además de comunicar, sirve de recurso para trabajar en el resto de las aulas, con la motivación que esto supone para el alumnado. Mejorando nuestra práctica docente y consiguiendo mejores resultados cualitativos y cuantitativos del alumnado. Nuestra revista es un agente facilitador claro de mejora del clima, no sólo del aula sino de todo el Centro. Permite más fácilmente compartir y encontrar estrategias y soluciones nuevas. También, dentro del proyecto Comenius, nos visitaron profesores y alumnos de diversos países de Europa y les sorprendió esta forma de comunicar e informar y lo tomaron como un ejemplo de buena práctica.","Esta revista es una forma de participación dinámica e interactiva. Antes de llevar las producciones a la pared mural que expone nuestra revista, es muy importante lo que se gesta en el aula, Y es la posibilidad de vertebrar procesos consultivos y deliberativos sobre cuestiones concretas que nos afectan a todos. Permite más fácilmente compartir y encontrar estrategias y soluciones nuevas que, por ser consensuadas, suelen ser más eficientes y enriquecedoras. Surgen en el alumnado nuevas necesidades y expectativas de aprendizaje, y consecuentemente nos coloca en el buen camino para la innovación conjunta y para el Aprendizaje. Procuramos delimitar las responsabilidades en cuanto a las secciones de nuestra revista en las distintas aulas. Aprendemos a trabajar en grupo y a llegar al consenso a través del diálogo. La organización: 
* Cada tres semanas le corresponde a una clase una sección y se encarga de ella. La tiene que mantener “viva” durante todo el tiempo, añadiendo y quitando cosas que ya no están de actualidad. 
* Si la clase es de los que ya saben escribir un poquito, la sección la hacen los niños con la maestra. Si son los más pequeños, deciden con el tutor/a el tema y ayudan con la ilustración. 
* Para tener las noticias “frescas”, van de clase en clase preguntando y así recopilan información. 
* Al terminar las tres semanas, se recoge todo y se guarda en la carpeta de la revista. Secciones: 
* Editorial: se elige un tema que sea interesante para todos, por su actualidad, un asusto que queramos reflexionar, un suceso que nos concierne... 
* Página literaria: en esta sección, escribimos, hacemos literatura. Puede ser poesías, adivinanzas trabalenguas, pequeños textos... 
* Noticias: las noticias pueden ser de nuestro Colegio, de nuestros pueblos, de nuestro país y del mundo. Algunas las sacamos del periódico, otras nos las han contado y otras las hemos oído por la radio o visto en TV. 
* Internacional (en Inglés): de esta sección se encargan las profesoras de Inglés junto con los niños, está escrita en Inglés y el contenido está relacionado con el mundo anglosajón. 
* Pasatiempos: como su nombre indica damos sugerencias para pasar el rato, agudizar el ingenio y compartir acertijos. Preparamos pasatiempos para los pequeños y los menos pequeños. Es la sección más divertida. 
* El tiempo: la clase encargada de esta sección rellena cada día el tiempo que hace y además nos escriben refranes y dichos relacionados con el tiempo. 
* Avisos y anuncios: en esta sección anunciamos las actividades interesantes que hay en nuestro Colegio, en Jaca o en los pueblos cercanos. 
* Objetos perdidos: para los despistados y despistadas. Los encargados de la sección anuncian los objetos encontrados y/o perdidos y los que les han encargado que anuncien.",,,2014/15,,Competencia en comunicación lingüística; Aprender a aprender; Sentido de la iniciativa y espíritu emprendedor,,,Comunicación oral,No,
50001301,rec,iwagbb4tUeg,PIT 1,,_PIT1,Motivante proyecto de Innovación con Tablets- PIT1. A traves de un estudio investigación se valora el impacto de la utilización de Tablets en la cognición del alumnado.,metodología que fomenta la interacción social.,,,2014/15,,Competencia digital; Competencias sociales y cívicas,,,TAC (Tecnologías del Aprendizaje y del Conocimiento),No,
50007376,rec,__nKoZsYgqw,Niños sordos,,IEPR,"En el centro se utilizan tanto el Metodo verbotonal y como la Innovación pedagógica para la consecución de los logros curriculares y rehabilitadores de la audición y el lenguaje. La inclusión del trabajo por competencias, así como el uso de proyectos de comprensión, destrezas y rutinas de pensamiento ayudan a un mejor desarrollo personal y competencial de los alumnos. Favorecemos, así mismo, la experimentación como vehículo para la adquisición de los aprendizajes significativos. El uso del cuento y el juego, como herramientas que acercan al niño al aprendizaje y que favorecen la transposición de los mismos a la vida cotidiana.",,,,2014/15,,Competencia en comunicación lingüística; Aprender a aprender; Competencias sociales y cívicas,,,Comunicación oral,No,
44004239,rec,DqYFZP_eesM,Haciendo camino,,IEPR,Aplicación de la metodología aprendizaje servicio en educación física en secundaria,,,,2014/15,,Aprender a aprender,,,TAC (Tecnologías del Aprendizaje y del Conocimiento),No,
50017898,rec,http://programaseducativosaragon.es/wikiprogramas/images/6/64/El_castillo_de_Alfind%C3%A9n.pdf,Los sonidos del Reino,2º ciclo de educación infantil,IEBP,,,,,2014/15,,Competencia en comunicación lingüística,,,Comunicación oral,No,
22000721,rec,ZbgAcV5WoeU,Las Tic en el aula:Innovación interacción,,IEBP,,,"-convocatoria de innovación uso de la pizarra digital, tabletas y ordenadores en las diferentes áreas de Educación Infantil.",,2014/15,,Competencia digital,,,TAC (Tecnologías del Aprendizaje y del Conocimiento),No,
22002673,rec,g7nkIJgjRQE,La sombra del drone,,IEPR,,,,,2014/15,,Competencia digital,,,TAC (Tecnologías del Aprendizaje y del Conocimiento),No,
50008770,rec,5EXnrfkmHEE,Proyecto de Aikido en la resolución de conflictos,,IEPR,,Resolución de conflictos en el aula mediante la aplicación de la filosofía del Aikido,,,2014/15,,Competencias sociales y cívicas,,,Gestión de las emociones,No,
22002673,rec,Yb_RnYKGLx4,Nos preparamos para la vida,"Desde 1o a 6o de Educación Primaria, ambos incluidos.",IEPR,,,,,2014/15,,Aprender a aprender; Competencias sociales y cívicas,,,,No,
50011847,rec,J4lVWUrXD0A,Dos historias diferentes,5º Y 6º PRIMARIA,PRDC,"Elaboración de guión de un corto, teatro y escenificación, grabación, montaje, etc.","En esta actividad realizada dentro del programa de Desarrollo  de capacidades en el CEIP JOSEFA AMAR Y BORBÓN se ha  intentado aunar la inquietud de alumnos y profesorado ante el  tema de violencia de género con el aprendizaje sobre la  realización de un corto cinematográfico, con todos los pasos  que ello conlleva. El resultado es recogido en un vídeo,  explicado a las familias de los alumnos participantes y  colgado en el blog de desarrollo de capacidades del colegio.",,"Sí

WEB DEL COLEGIO: 

http://www.cpavzara.educa.aragon.es/inicio/index.html",2014/15,,Competencia en comunicación lingüística; Competencia digital; Conciencia y expresiones culturales,,,TAC (Tecnologías del Aprendizaje y del Conocimiento); Gestión de las emociones,No,
50008691,rec,nk-1nVxYrzc,"Proyecto Global ""Entre Todos""",,_BPEI,"En este vídeo se recogen las claves del Proyecto Global “ENTRE TODOS”, el cual ha permitido  transformar un centro con graves problemas de convivencia, absentismo y fracaso escolar en  una ESCUELA INCLUSIVA.","El Proyecto “ENTRE TODOS” pretende ofrecer una respuesta educativa a un centro con graves  carencias sociales, culturales y económicas, etc. (60% del alumnado es de etnia gitana, el 35%  inmigrante y el 5% de otros grupos con déficits socio culturales). El problema de partida del  CEIP “Ramiro Solans” se definía con los siguientes rasgos: un muy elevado índice de  absentismo, problemas graves de convivencia, disrupciones frecuentes en el aula, desfases  curriculares superiores a dos cursos escolares en la mayoría del alumnado, escasa valoración  del papel de la escuela como factor de promoción social y cultural, mínima relación del centro  con las familias y con el barrio y pocas expectativas de futuro para el personal del centro. Ante una realidad tan extrema y compleja, durante el curso 2001-2002, un grupo de  profesores, después de una etapa de reflexión y formación, decide diseñar estrategias de  superación de la situación límite en la que el centro se encontraba, encaminándolo hacia el  objetivo de ofrecer una educación de calidad en una “Escuela de Éxito”. El liderazgo ejercido desde la dirección y el equipo directivo ha conseguido crear una  organización eficaz, con objetivos que responden a las necesidades reales del alumnado, y ha  logrado que la comunidad educativa asuma una visión compartida de las finalidades del  centro y un compromiso con el aprendizaje organizativo. El desarrollo del proyecto “ENTRE  TODOS” ha abierto expectativas de futuro a las familias que les motivaran para el acceso e integración de sus miembros en la sociedad. Igualmente se ha conseguido la transformación  progresiva de un centro marginal y muy poco valorado, en otro que ofrece una educación de  calidad y que es valorado muy positivamente por alumnos y familias.","ENTRE TODOS” ofrece una respuesta educativa a un barrio con graves carencias sociales, culturales y económicas. (60% etnia gitana, 35% inmigrante y 5% otros). Partíamos de: muy elevado índice de absentismo, problemas graves de convivencia, desfases curriculares superiores a dos cursos escolares en la mayoría del alumnado, escasa valoración del papel de la escuela como factor de promoción social y cultural, mínima relación del centro con las familias y con el barrio y pocas expectativas de futuro.
Ante una realidad tan compleja, los profesores, a partir de una reflexión y formación (2003-2004), diseñan estrategias de superación, encaminándolo hacia el objetivo de ofrecer una educación de calidad en una “escuela de éxito”.
El liderazgo del equipo directivo ha creado una organización eficaz, con objetivos ajustados a las necesidades reales del alumnado, y ha logrado que la comunidad educativa asuma una visión compartida de las finalidades del centro y un compromiso con el aprendizaje organizativo. Se han abierto expectativas de futuro a las familias que les motivaran para el acceso e integración en la sociedad. Se ha conseguido la transformación progresiva de un centro marginal y muy poco valorado, en otro que ofrece una educación de calidad y que es valorado muy positivamente.",,2014/15,destacado,Competencias sociales y cívicas,,,Gestión de las emociones; Compromiso social,No,
50018258,rec,K89OBFxlyUs,Le cinema des 5 ans,,IEBP,desde una metodología globalizadora y constructivista se trabaja el proyecto del cine en francés,"Principal objetivo: potenciar la experimentación, la libre expresión y la originalidad desarrollando un espiritú creativo a través de la creación de una película.",,,2014/15,,Competencia en comunicación lingüística; Sentido de la iniciativa y espíritu emprendedor,,,Comunicación oral,No,
22001875,rec,cjLragDLUAw,Prácticas Innovadoras en Educación Infantil,Educación infantil,IEBP,"metodología por Inteligencias múltiples, trabajo cooperativo, participación familiar, cooperación internacionial","experiencia a través de eje vertebrador del mercadillo solidario. Actividades llevadas a cabo desde todas las inteligencias múltiples. Tarea final: Mercadillo solidario, hermanamiento con Colegio en Nicaragua, implicación familiar y de toda la comunidad educativa.",,,2014/15,,Competencias sociales y cívicas; Sentido de la iniciativa y espíritu emprendedor,,,Compromiso social,No,
22002338,rec,oEKHnY461hw,Pareja pedagógica en el área de Educación Física,Proyecto de innovación,IEPR,Los dos especialistas de Eduación Física del centro imparten clase simultaneamente a los dos grupos de alumnos del mismo nivel.,"Como medida de atención a la diversidad hemos decidido juntar las dos vías para poder estar dos profesores a la vez con el gran grupo. Esta situación permite atender la diversidad de aprendizajes, evaluar con mayor rigurosidad, fomentar la convivencia e integrar las TIC entre otras posibilidades.",,,2014/15,,Competencias sociales y cívicas,,,,No,
50006311,rec,m_TjEAX_Tuw,PROBLEMAS EN EL PARAÍSO: ¡UNA AVENTURA MATEMÁTICA!,,IEPR,"ACTIVA, LÚDICA, MANIPULATIVA, EXPERIENCIAL, INCLUSIVA Y PARTIENDO DE LOS

APRENDIZAJES PREVIOS DE LOS ALUMNOS.",,"TODO EL COLEGIO LLEVA A CABO SISTEMÁTICAMENTE UNA SESIÓN DIARIA DE EJERCICIOS PROGRESIVOS Y SECUENCIADOS DE CÁLCULO MENTAL. TAMBIÉN DE UNA FORMA INTERNIVELAR HEMOS ORGANIZADO Y PREPARADO TODAS LAS ACTIVIDADES EN EL COLEGIO EN TORNO A LA COMPETENCIA MATEMÁTICA : NAVIDAD, CARNAVAL, JORNADAS CULTURALES, ...DE TAL FORMA QUE LAS MATEMÁTICAS HAN SIDO DURANTE ESTE CURSO EL HILO CONDUCTOR.",,2014/15,,Competencia matemática y competencias básicas en ciencia y tecnología,,,TAC (Tecnologías del Aprendizaje y del Conocimiento); Gestión de las emociones,No,
22010670,rec,mHJsRlWMkyo,MI HUERTO ECOLÓGICO,2º Y 3º E.INFANTIL- 1 CICLO,IEBP,ACTIVA -PARTICIPATIVA,"Participación de las familias (en este caso un abuelo) en la programación del Centro. Tenemos un proyecto de un huerto ecológico donde plantamos, cuidamos y cosechamos los frutos que nos da para luego compartirlo en clase y algunas veces, llevarnoslo para cocinar en casa con las familias.",,,2014/15,,Competencias sociales y cívicas,,,Compromiso social,No,
44002221,rec,pBshI_uDqEQ,Mejora de la significatividad de la relación de las TIC con las asignaturas,todo,IEPR,"Trabajo por grupos, debate y

argumentación. Exposición oral","partiendo de que la enseñanza de las TIC quedaba muy descontextualizada en nuestro centro, hemos querido darle mayor relación con las  asignaturas tratando de adaptar los trabajos o contenidos al medio. Trabajar la figura  humana y el movimiento usando técnicas de stop-motion, la expresión oral con mesas  de redacción o resúmenes grabados en Smartphone o Tablet, y el diseño de carteles, el  slogan o la publicidad con cartelería que el centro requería en cada época del año.",,,2014/15,,Competencia digital,,,TAC (Tecnologías del Aprendizaje y del Conocimiento); Gestión de las emociones,No,
50006761,rec,-L-nxMDjBBE,Valoración cognitiva en población geriátrica,1º TCAE diurno,IEPR,Role-playing,"Breve descripción de la actuación: El alumnado se distribuye en grupos de 2-4 personas. Uno de ellos representa el papel del  anciano, al que se le han asignado unas determinadas características cognitivas y una historia  concreta. Otro hace de sanitario, que le realiza al anterior una valoración psicológica de su  función cognitiva, mediante un cuestionario denominado Mini examen Cognitivo de Lobo. De  esta manera, los alumnos se familiarizan con el empleo de las escalas de valoración geriátrica  más utilizadas en las residencia de ancianos y manejan los conceptos de las diferentes  características cognitivas.",,,2014/15,,Competencia en comunicación lingüística; Aprender a aprender; Competencias sociales y cívicas,,,Comunicación oral,No,
50018261,rec,zYsOjWsK4Tw,"Nuestro país vecino, Francia","1,2,3 infantil, 2-5 primaria",IEPR,Programación desde las inteligencias múltiples en un centro bilingüe,"Fomentamos y potenciamos las inteligencias múltiples de nuestros alumnos a través del proyecto: ""Nuestro país vecino, Francia. Nos voisins, les français""",,,2014/15,,Competencia en comunicación lingüística; Aprender a aprender; Competencias sociales y cívicas,,,Comunicación oral,No,
50002329,rec,x7Wb5izKsco,SCHOOL RADIO,todo el centro,IEPR," SE UTILIZA EL TRABAJO COOPERATIVO ENTRE LOS MIEMBROS DE LA  COMUNIDAD ESCOLAR, Y SE DA UN PAPEL RELEVANTE A LOS ALUMNOS  DE TERCER CICLO COMO RESPONSABLES DEL PRODUCTO FINAL.
","ES UN PROYECTO DE INNOVACIÓN EDUCATIVA QUE TIENE COMO OBJETO MEJORAR LA COMPETENCIA LINGÜÍSTICA ORAL Y ESCRITA A  TRAVÉS DE LA RADIO ESCOLAR, UN RECURSO CON MÚLTIPLES  POSIBILIDADES Y BENEFICIOS PARA LOS ALUMNOS.",,,2014/15,,Competencia en comunicación lingüística,,,Comunicación oral,No,
50009166,rec,KU1kXV4-c3w,MADE IN BLECUA,Todo,IEPR,"Aprendizaje  cooperativo,  Aprendizaje  por  Proyectos,  Interdisciplinariedad,  Herramientas  colaborativas  2.0  (GoogleApp  for  Education) ","El  Proyecto  de  Innovación  “Made  in  BleCua”  es  una  apuesta  inclusiva  que  pretende  por  un  lado  cohesionar  de  format  creativa  y  saludable  (entendiendo  salud  en  su  triple  dimensión:  física,  emocional  y  social)  las  iniciativas  educativas  de  la  comunidad  BleCua  y,  por  otro  lado,  fomentar  la  difusión  y  publicidad  eficaz  de  las  mismas  (nueva  web,  canal  TV,  redes  sociales,  logos  creativos,  etc.)  constituyendo  nuestro  sello  de  identidad. ",,,2014/15,,Competencia digital; Competencias sociales y cívicas,,,TAC (Tecnologías del Aprendizaje y del Conocimiento); Gestión de las emociones,No,
50006633,rec,T_Wq2Pbems8,"PASEN Y VEAN, LA FUNCIÓN VA A COMENZAR",1º DE EDUCACIÓN INFANTIL,IEPR,"APRENDIZAJE SERVICIO, INTELIGENCIAS MÚLTIPLES (IIMM), COMPETENCIAS BÁSICAS 
(CCBB), APRENDIZAJE COOPERATIVO.","Es una práctica que combina procesos de aprendizaje y de servicio a su entorno más cercano.
Para ello crean en equipo una obra de teatro con todos sus elementos, regalándola a sus abuelos.",,,2014/15,,Competencia en comunicación lingüística,,,Comunicación oral,No,
50009129,rec,Btej289ko2M,PROYECTO CULTURAL DE CENTRO,PROYECTO CULTURAL DE CENTRO,_PC,,,,,2014/15,,Conciencia y expresiones culturales,,,,Si,
50009129,rec,YBxDxMwIesI,PIBE en IES Cinco Villas,1 ESO,IEGI,"Activa, grupal y reconocidas como actuaciones de éxito. Actividades grupales a las que se les ha 
incluido un elemento nuevo  en el grupo, el voluntario, es decir, más componentes para 
interactuar , en el aula no solo hay alumnado y profesorado. Por supuesto, estas metodologías 
van a lograr un aprendizaje por competencias que difiere mucho del aprendizaje formal.","Llevamos muchos años trabajando de forma grupal y con metodologías muy activas pero nuestra  andadura en los grupos interactivos es corta. Llevamos trabajando de forma activa en el aula  este segundo trimestre. Hemos comenzado por 1º de ESO en las materias de Música y de Lengua.  Su puesta en funcionamiento requiere horas de coordinación entre profesores y voluntarios.  Estamos realizando una sesión a la semana por grupo. Al principio es necesario organizar las  sesiones con tiempo, de una semana para otra, los voluntarios no se pueden asustar. Las  profesoras que han comenzado con el proyecto han trabajado las sesiones una a una explicando  muy bien la actividad que se va a desarrollar y el rol de los voluntarios en los grupos. Un poco de  nervios en la primera sesión, después la soltura de los voluntarios ha ido en aumento y la  respuesta del alumnado todavía mejor. Enseguida los han integrado los alumnos y alumnas en su  proceso de aprendizaje y de trabajo en el aula. No son elementos extraños, todo lo contrario. Se  ha producido una mejora considerable en el ambiente de trabajo, está siendo muy motivador.  Están esperando el día que les toca con los voluntarios. Tenemos diez voluntarios ( madres, profesores jubilados y hermanos) esperamos ir en aumento  para poder dinamizarlo más y se cubran mayor número de horas con los alumnos en el aula.",,,2014/15,,Aprender a aprender; Competencias sociales y cívicas,,,,No,
50008770,rec,P1QNbVIzj8s,Aplicación de la filosofía y práctica del  Aikido a la resolución de conflictos en el aula,"1º y 2º ESO, y por invitación al resto del centro",IEPR,Organización del Proyecto de innovación educativa para su desarrollo en el Centro.,"Explicación de cómo ha sido llevado a cabo el proyecto de innovación en el Centro, en que personas se ha actuado, y que tipo de actividades han sido  llevadas a cabo.",,,2014/15,,Competencias sociales y cívicas,,,Gestión de las emociones,No,
22002508,rec,https://docs.google.com/file/d/0B_Jm8DOkHqDcUnoyVWRKVmstOEk/edit,Taller de capacidades,3,PRDC,Talleres,Los alumnos representan escenas,,,2014/15,,Competencia en comunicación lingüística; Aprender a aprender,,,Comunicación oral,No,
50008691,rec,K1uPEOb5ViA,GRUPOS INTERACTIVOS: OTRA FORMA  DE APRENDER Y COMPARTIR,TODO EL CENTRO (E. INFANTIL Y PRIMARIA).,IEGI,"En este vídeo se recoge el funcionamiento de un grupo interactivo así como el papel que desempeña el profesor/tutor, los voluntarios y el alumnado.","Los grupos interactivos constituyen una práctica inclusiva de organización del aula avalada  por la Comunidad Científica porque mejora los aprendizajes, la convivencia y el entusiasmo  por el aprendizaje. Es una actuación sencilla que implica la entrada en el aula de voluntariado con un perfil muy  diferente (padres, otros familiares, estudiantes universitarios, profesorado jubilado, otros  jubilados, personal laboral del centro, etc.). El profesor-tutor planifica la sesión (una actividad corta, entre 15/20 minutos) para cada  grupo (de 4 a 6 personas) y las actividades a realizar por cada grupo heterogéneo, donde un  voluntario dinamiza las interacciones entre iguales. Los alumnos se convierten en  protagonistas de su propio aprendizaje y son ellos quienes explican a su compañero cuando  éste no entiende la tarea o algún concepto. Es una forma de trabajo que beneficia al alumno que sabe más (éste realiza un proceso de  metacognición) y al que tiene un ritmo más lento de aprendizaje porque recibe una atención  más individualizada. Sui valoración es muy positiva tanto por parte del profesorado y voluntariado como por parte  del alumnado.",,,2014/15,,Aprender a aprender; Competencias sociales y cívicas,,,,No,
50008691,rec,1fJNgM3gDcg,APRENDER A SER PERSONAS (Proyecto de Inteligencia Emocional).,TODO EL CENTRO (E. INFANTIL Y PRIMARIA).,_CONV,"En este vídeo se recoge cómo un centro, desde hace diez cursos, ha integrado la inteligencia  emocional en el día a día de la práctica docente de todo el profesorado. Para ello se ha  sistematizado la acción tutorial (semanalmente) con la puesta en marcha del programa  “APRENDER A SER PERSONAS” desde 1º de E. Infantil hasta 6º de E.Primaria.","El objetivo de “APRENDER A SER PERSONAS” es formar a los alumnos como personas que van  creciendo hacia un ajuste personal para favorecer así la construcción de competencias  sociales y cívicas. Su fundamentación teórica es el modelo de inteligencia emocional de Salovey y Mayer, de  Ecología Emocional de Mercé Conangla y Jaume Soler y de la Comunicación No Violenta de  Rossemberg. Se trabajan los siguientes bloques temáticos: personalidad-autoestima;  emociones/regulación emocional (aspecto que muestra el vídeo de manera muy breve con  una visión desde al trabajo en E. Infantil, 3º E.P. y 6º E.P.); comunicación positiva: empatía y  asertividad; el conflicto: respuesta agresiva, pasiva, inhibida o asertiva y valores prosociales  (respeto, tolerancia, responsabilidad individual y colectiva, etc). Es un programa valorado muy positivamente por el alumnado ( “He aprendido a solucionar los  problemas con el diálogo, a relacionarme más con mis compañeros, a ser menos agresiva y  cuando tengo un problema, reflexionar y no alterarme. A confiar en misma, quererme más a  mí misma y a saber que todos somos iguales"") y el profesorado (“Este programa me ha  ayudado a entender mejor el mundo emocional de mis alumn@s y de esta forma a entender  mejor su forma de comportarse"").",,,2014/15,,Competencias sociales y cívicas,,,Gestión de las emociones,No,
50018878,rec,vVDop0g2V3c,"LOS ZAPATOS, MUCHO MÁS QUE UN JUEGO",Todo el centro,IEBP,"Metodología constructiva, partir de lo que el niño/a conoce para construir nuevos aprendizajes.",Juego con un objeto real conocido: LOS ZAPATOS. A partir de la exploración del objeto lúdico se crean nuevas experiencias educativas.,,,2014/15,premio,Aprender a aprender; Competencias sociales y cívicas,,,,No,
50018878,rec,6FT2lvTJ90A,ESCUELA INFANTIL MUNICIPAL “EL BOSQUE”,Todo el centro,IEBP,"Metodología constructiva, partir de lo que el niño/a conoce para construir nuevos aprendizajes. Atención individualizada respetando las características personales de cada niño/a",Se expone una pequeña muestra del trabajo desarrollado en el centro,,,2014/15,,Aprender a aprender; Competencias sociales y cívicas,,,Compromiso social,No,
50010181,rec,wavp0nu3s0c,ADC_HISPANIDAD,Todo el centro,PRDC,"SE TRABAJA LA AUTONOMÍA, LAS CAPACIDADES DEL ALUMNO ATENDIENDO  AL APRENDIZAJE SIGNIFICATIVO, LOS APRENDIZAJES  PREVIOS, LAS MOTIVACIONES E INTERESES DEL  ALUMNADO, LA METACOGNICIÓN, DESDE DIFERENTES  ENFOQUES Y METODOLOGÍAS: TRABAJO INDIVIDUAL, EN  PEQUEÑO GRUPO, COOPERATIVO, COLABORATIVO…  DEPENDE SIEMPRE DE LA ACTIVIDAD Y DE LO QUE  QUEREMOS DESARROLLAR EN CADA MOMENTO.","SE DESARROLLA ACTIVIDAD EN GRUPOS DE ALUMNOS DE ALTAS CAPACIDADES O ALTO  RENDIMIENTO ATENDIENDO A SUS INTERESES Y  DEJÁNDOLES SER PROTAGONISTAS DE SU PROPIO  APRENDIZAJE. SE ATIENDE TAMBIÉN AL GRUPO CLASE  PARA REALIZAR ACTIVIDADES QUE COMPLEMENTAN SU  FORMACIÓN, ESPECIALMENTE PRÁCTICAS Y DE  EXPERIMENTACIÓN.",,,2014/15,,Aprender a aprender; Sentido de la iniciativa y espíritu emprendedor,,,,No,
50017072,rec,wj5vohG9FXM,Parque Goya piensa y crea,de 3o de E. Infantil a 6o de E. Primaria,PRDC,Trabajo colaborativo. Método científico,Presentación del proyecto de robótica y puesta en práctica. Experimentos con la ciencia.,,,2014/15,,Competencia matemática y competencias básicas en ciencia y tecnología; Competencia digital,,,TAC (Tecnologías del Aprendizaje y del Conocimiento); Gestión de las emociones,No,
50005781,rec,fV6Gxwuoe58,Rap de la biblioteca,2 ESO,PRDC,RAP,Los alumnos cuentan con un rap el proyecto de organización de la biblioteca del centro,,,2014/15,,Competencia en comunicación lingüística; Sentido de la iniciativa y espíritu emprendedor,,,Comunicación oral,No,
22004906,rec,KShlosPFblo,Ajedrez en Pedro I,,ALAJ,Se plantea este programa desde una metodología básicamente dinámica y participativa basada en el juego y apoyada por pinceladas teóricas. Se presenta la actividad en los recreos escolares de forma continua y a lo largo de todo un curso escolar con un talante motivador y desarrollando las diferentes capacidades intelectuales y emocionales ,"Mejorar la atención y concentración, el razonamiento lógico, la memoria, percepción e intuición. estimula la imaginación y desarrolla a su vez las habilidades de la inteligencia emocional.",,,2014/15,,Competencia matemática y competencias básicas en ciencia y tecnología.,,,,No,
44005062,rec,-f-DPEfOAb0,INNOVANDO EN EL CRA MATARRANYA,,IEGI,"GRUPOS INTERACTIVOS, UNA DE LAS ACTUACIONES EDUCATIVAS DE ÉXITO, CON VOLUNTARIOS DE LA COMUNIDAD EDUCATIVA","Sesión semanal mediante grupos interactivos en varias aulas de Primaria e Infantil del CRA con diversidad de niveles en ellas. Planteamiento de 3 actividades cortas, de manera que los equipos de 3- 4 alumnos rotan cada 20 minutos resolviendo 3 tareas distintas con personas voluntarias, quienes dinamizan las interacciones, activan el diálogo igualitario e inducen la ayuda, sobre contenidos de las áreas del currículo de Primaria e Infantil.",,,2014/15,,Aprender a aprender; Competencias sociales y cívicas,,,,No,
44005062,rec,yHh3MnvTLuU,Cantania es nuestro CRA Matarranya,"4, 5, 6 primaria",ALCA,Trabajo curricular en el aula desde la asignatura de música. Tmbién se puede aplicar de forma interdisciplinar en el centro. Existen materiales y recursos dicácticos. ,Primera fase: tres formaciones presenciales para el profesorado. Segunda fase: trabajo en el aula con el alumnado. Tercera fase: Concierto en el auditorio de Zaragoza: Sala Mózart,,,2014/15,,Competencia en comunicación lingüística; Conciencia y expresiones culturales,,,Comunicación oral,Si,
50011847,rec,EaF1hgtEuMM,Ajedrez en Amar y Borbón,,ALAJ,,,,,2014/15,,Competencia matemática y competencias básicas en ciencia y tecnología.,,,,Si,
50009129,rec,wSx5adAI3W4,Ciencia en los coles,,ACCV,,,,,2014/15,,Competencia matemática y competencias básicas en ciencia y tecnología,,,,Si,
50001799,rec,XuftK_vFHlw,Autoestima,,ALCA,,,,,2014/15,,Competencia en comunicación lingüística; Conciencia y expresiones culturales,,,Comunicación oral,Si,
50004053,rec,Eobv-0jw7Fw,NUESTROS PROYECTOS,Infantil y primaria,IECM,"ACTIVA, PARTICIPATIVA, INNOVADORA ENFOQUE CONSTRUCTIVISTA",,,,2014/15,,Competencia matemática y competencias básicas en ciencia y tecnología; Conciencia y expresiones culturales; Sentido de la iniciativa y espíritu emprendedor,,,TAC (Tecnologías del Aprendizaje y del Conocimiento); Gestión de las emociones,Si,
50008915,rec,sAewXXnthSU,Un día en el CEE San Germán,Todo el centro,_DC,"Dinámica educativa general del CEE San Germán: programas de  estimulación desde una  perspectiva basal, servicios,  terapias alternativas…
",Funcionamiento general del CEE San Germán (Fundación ASPACE  Zaragoza) dedicado al tratamiento  integral de la Parálisis Cerebral  y/o patologías afines.,,,2014/15,,Aprender a aprender; Competencias sociales y cívicas,,,Gestión de las emociones,No,
22004104,rec,B7hHRVdsWVU,Territorio de paz. Aprendiendo a convivir.,Todo el centro,_CONV,Aprendizaje cooperativo y constructivismo. Fomento de la competencia social y ciudadana a través de los valores democráticos.,En las aulas se trabaja el protocolo de resolución de conflictos.,,,2014/15,premio,Competencias sociales y cívicas,,,Gestión de emociones,No,
50006761,rec,suF_Z6l-0jQ,POLE en ESO en inglés,1 y 3 ESO,LEPO,"Teatro en inglés, intercambio de cartas con USA, exposiciones orales en clase de música","Entre otras actividades, desde la asignatura de música hemos preparado el festival de Navidad para los alumnos de la ESO en inglés: obras de teatro y actuaciones musicales. Además, desde  tutoría se han intercambiado cartas con un colegio de Estados Unidos en 1º de ESO. Las  exposiciones orales de este año en la asignatura de música de 3º de ESO también han sido en  inglés.
",,,2014/15,,Competencia en comunicación lingüística; Conciencia y expresiones culturales,,,Comunicación oral,No,
50001799,rec,yG5SBZeUyz4,Semana Cultural,,_DC,,,,,2014/15,,Competencia en comunicación lingüística; Conciencia y expresiones culturales,,,Comunicación oral,Si,
50007194,rec,gPX7uh-HBJc,Actividad en inglés,,LEPO,,,,,2014/15,,Competencia en comunicación lingüística,,,Comunicación oral,Si,
50011100,rec,SbvfXDTFgK8,Why do we want to learn english?,Infantil,LEAB,Aprendizaje globalizado que parte del desarrollo del niño,Ejemplos de activiades que se realizan en el aula,,,2014/15,,Competencia en comunicación lingüística,,,Comunicación oral,No,
50011100,rec,Gdivn5QPGng,Our projects about animals,"1, 2 Primaria",LEAB,Aprendizaje colaborativo a través de proyectos,Ejemplos de activiades que se realizan en el aula,,,2014/15,,Competencia en comunicación lingüística,,,Comunicación oral,No,
50005963,rec,_FwDxT9WUuQ,Nos gusta hablar inglés,Todo el centro,LEAB,Bilingüismo,Cómo se trabaja el bilingüismo en el centro,,,2014/15,,Competencia en comunicación lingüística,,,Comunicación oral,No,
50000412,rec,Ph_l491DLbs,ADVANCING TOWARDS THE FUTURE,todo el centro,LEPO,PARTICIPACIÓN EN ACTIVIDADES COMPLEMENTARIAS Y  EXTRAESCOLARES para FOMENTAR el USO DEL INGLÉS y de OTRAS  LENGUAS.,"Se pretende desarrollar una serie de actividades encaminadas a mejorar la motivación  de nuestros alumnos con respecto al aprendizaje de una lengua extranjera, inglés, en  este caso, convencidos de que la base para aprender es querer aprender. Las  actividades a desarrollar tienen que ver fundamentalmente con la producción y  recepción de mensajes orales de una manera natural y práctica.",,,2014/15,,Competencia en comunicación lingüística,,,Comunicación oral,No,
50007856,rec,MBE655FjOq4,Bilingüismo CILE,,LEAB,,,,,2014/15,,Competencia en comunicación lingüística,,,Comunicación oral,No,
50007248,rec,JkZ_BLD4ppQ,One day in the English Class!,1 y 2 primaria,LEAB,"Resumen de una sesión de la clase de inglés a través de una serie de aplicaciones para Ipad, juegos y siguiendo la línea metodología de AMCO.","En el siguiente video se muestran las partes que comprenden una clase de inglés. Se empieza por una daily routine dónde los  niños son los protagonistas del aprendizaje, se continúa con una serie de  actividades y juegos apoyándonos con el Ipad y terminamos repasando el  abecedario en inglés jugando a un ahorcado especial.",,,2014/15,,Competencia en comunicación lingüística,,,Comunicación oral,No,
22000721,rec,TAE0BsEQyFQ,Área de plástica en inglés,primer ciclo primaria,LEAB,,,,,2014/15,,Competencia en comunicación lingüística,,,Comunicación oral,No,
50005963,rec,cvVMJRFJrmc,Nos divertimos con el inglés,Todo el centro,LEAB,Bilingüismo,Cómo se trabaja el bilingüismo en el centro,,,2014/15,,Competencia en comunicación lingüística,,,Comunicación oral,No,
50011847,rec,OgnxfkPi-fI,"Video Inglés, cile 1 . 1º Primaria",1 primaria,LEAB,Didácticas múltiples dentro del área de Inglés en primero de primaria,"Se desarrollan diferentes metodologías en el área de inglés  de primero de primaria, dentro de un efoque comunicativo.",,,2014/15,,Competencia en comunicación lingüística,,,Comunicación oral,No,
22004906,rec,Gtbhx4ectT8,PROGRAMA BILINGÜE. CILE 2,Todo el centro,LEAB,"Activa y participativa. Hemos optado por una metodología con un enfoque comunicativo,  potenciando el aprendizaje significativo, utilizando estrategias como la observación,  experimentación y la reflexión.","El Objetivo principal del Programa Bilingüe en nuestro centro es “ Fomentar en el alumnado  el aprendizaje de la lengua y la cultura francesa, reforzando las Competencias Básicas del  currículo y potenciando actitudes positivas que permitan la convivencia dentro del marco  europeo y el desarrollo de actitudes solidarias entre las distintas culturas del mundo.",,,2014/15,,Competencia en comunicación lingüística,,,Comunicación oral,No,
22002673,rec,RdO_ez8REx4,Does size matter? ¿Importa el tamaño?,4o de Educación Primaria,LEAB,"Al comienzo de la investigación, los alumnos trabajan de manera individual haciendo  predicciones sobre lo que creen que va a ocurrir, planteando la hipótesis. A partir de dichas  hipótesis y siguiendo el método científico trabajan en grupo para realizar, de forma dirigida,  el experimento o investigación mediante la manipulación y observación estudiando y  contrastando así las diferentes variables y recogiendo datos que les conducirán a una  conclusión final que confirmará o no sus hipótesis formuladas.",Los alumnos quieren saber si el volumen de un objeto está relacionado con su masa. Para ello verán si ha mayor volumen (tamaño) la masa del objeto también es mayor. Tendrán  6 esferas de diferente tamaño que tendrán que ir comparando unas con otras en una balanza  para saber cuál de ellas es la más pesada y la más ligera. Mediante balanzas y una pesa  electrónica irán comparando dichas esferas para llegar a resolver si sus hipótesis son correctas.  Se sorprenderán cuando descubran que algunas esferas grandes pesan menos que esferas  significativamente más pequeñas. De esta forma veremos si el volumen está directamente  relacionado con la masa.,,,2014/15,,Competencia en comunicación lingüística; Competencia matemática y competencias básicas en ciencia y tecnología,,,Comunicación oral; TAC (Tecnologías del Aprendizaje y del Conocimiento);,No,
44002221,rec,0xoa_8U6cJg,desarrollo programa POLE en el CEIP San Miguel,todo el centro,LEPO,cooperativa. Trabajo por grupos y uso del vídeo,"Se comenta la forma en la que ha ido evolucionando un proyecto de intercambio con dos colegios, uno neozelandés y el otro, norteamericano. Se dan ideas  de proyectos conjuntos, posibles proyectos de video a realizar y trabajos en equipo.",,,2014/15,,Competencia en comunicación lingüística,,,Comunicación oral,No,
50009397,rec,uerrMZbwMn8,Proyecto Sorolla en 2º primaria,2 primaria,LEAB,Proyecto en común desde las áreas de lengua y literatura,Conocer las características de la pintura de Sorolla. Representación teatralizada de un cuadro.,,,2014/15,,Competencia en comunicación lingüística; Conciencia y expresiones culturales,,,Comunicación oral,No,
50010302,rec,VV0emVh9mgY,PIBLEA en el  GC,"1º,2º,3º,4º  ESO Bachillerato",LEAB,"Participativa, colaborativa, Funcional, Comunicativa","El objetivo principal de los departamentos de lenguas del  centro es fomentar las  habilidades comunicativas de los  alumnos en Inglés a través de su  participación activa en  actividades como role-plays,  conciertos, proyectos sobre  cultura anglosajona, english  week, concursos, exposiciones  orales, debates, etc.",,,2014/15,,Competencia en comunicación lingüística; Conciencia y expresiones culturales,,,Comunicación oral,No,
50018842,rec,fdm_7x3gWfc,Hands on Through English,1 ESO,LEAB,"Clil (Content Language Integrated Learning)

Learn by doing

Whole Brain Teaching

Task solving

Teaching Literacy","Mostar de una manera informal las actividades realizadas a lo largo del año con el grupo  bilingüe que fomentan el aprendizaje del idioma haciendo, resolviendo, actuando... HANDS  ON!",,,2014/15,,Competencia en comunicación lingüística;,,,Comunicación oral,No,
50005963,rec,Q_Txe_bjf-0,Fernando el Católico Happy,Todo el centro,LEAB,"Lib dub, fomento del trabajo en equipo y del sentimiento de pertenencia al centro",Muestra de un lib dub  en nuestro centro,,,2014/15,,Competencia en comunicación lingüística;,,,Comunicación oral,No,
50011100,rec,OCLqniGRcbA,Structure of matter,Primero de Secundaria,LEAB,Exposición en público. Aprendizaje cooperativo,Exposición por parte de un grupo de alumnos a sus compañeros de clase los conceptos  elementales sobre partículas elementales y estructura de la materia.,,,2014/15,,Competencia en comunicación lingüística;Competencia matemática y competencias básicas en ciencia y tecnología,,,Comunicación oral,No,
22004104,rec,zPaIXwucvR4,Aula de desarrollo de capacidades,Todo el centro,PRDC,"Metodologías creativas, pensamiento lateral, trabajo cooperativo",,,,2014/15,,Aprender a aprender,,,,No,
50017904,rec,tMjyMDSm8Jc,Tabletas en infantil,Infantil,_NTEC,Uso de nuevas tecnologías en infantil,,,,2014/15,,Competencia digital,,,TAC (Tecnologías del Aprendizaje y del Conocimiento),No,
50010302,rec,8z43p75kTtE,Un día de cine con los  alumnos del GC,"Cursos a los que afecta 1º,2º,3º,4º  ESO",IEDC,Un día de cine,Participativa.,"Los alumnos se desplazan a la  Filmoteca de Zaragoza y tras el  visionado de una película  seleccionada por su interés  didáctico en diversos campos,  debaten y reflexionan según la  dirección del coordinador de la  actividad. Para ello cuentan con  un cuaderno didáctico que van  completando a lo largo de la  sesión. Además, antes y  después se ha trabajado en el  aula con los profesores de  Lengua e Historia desde  perspectivas adecuadas a la  materia.",,2014/15,,Competencia  en comunicación lingüística; Conciencia y expresiones culturales,,,,Si,
50010302,rec,Dyt5mqc62hg,Ciencia Viva,"2º,3º,4º  ESO y Bachillerato",ACCV,"Activa, participativa, experimental","Los alumnos participan en diversas actividades, tales como la ciencia en la calle con alumnos de primaria, asisten a conferencias de divulgación científica, experimentan con los materiales del programa, visitan centros de investigación, facultades de diversa índole, el CSI o el Instituto de nanotecnología de Aragón. También realizan micro vídeos tratando de explicar a otros lo aprendido.",,,2014/15,,Competencia matemática y competencias básicas en ciencia y tecnología,,,,Si,
50010302,rec,2uvGJhD-QAI,Coro en el GC,"1º,2º,3º,4º  ESO y Bachillerato",ALCE,"Activa, participativa, lúdica,",Los alumnos comienzan participando en el Coro del centro desde 1º de la ESO. Los ensayos se desarrollan en el recreo y al final de la jornada escolar. Esporádicamente también algunas tardes. Los profesores forman parte de este coro y colaboran con los alumnos en algunas sesiones de especial relevancia. La coordinadora es Mónica Aguilera.,,,2014/15,,Competencia en comunicación lingüística; Conciencia y expresiones culturales,,,Comunicación oral,Si,
50005926,rec,QS-LZOSOUm4,Singing a Story,todo el centro,IEPR,Aprendizaje creativo y colaborativo," SE BUSCA QUE A TRAVÉS DE LA MÚSICA Y LA PLÁSTICA LOS ALUMNOS AUMENTEN SUS APRENIZAJES DE LENGUA INGLESA. LOS ALUMNOS ELABORARÁN SUS PROPIOS LIBROS A LO LARGO DE SU ESCOLARIDAD BILINGÜE EN EL CENTRO Y REPRESENTARÁN PARA LA COMUNIDAD EDUCATIVA UN FRAGMENTO DE UN MUSICAL. CADA AÑO UN LIBRO Y UN MUSICAL. LOS ALUMNOS NO BILINGÜES AYUDARAN EN LOS DECORADOS, PRESENTACIÓN, VESTUARIO,….. TODO EL CENTRO FORMARÁ PARTE DEL PROYECTO.",,,2014/15,,Competencia en comunicación lingüística; Conciencia y expresiones culturales,,,Comunicación oral,No,
50005926,rec,FU8IeHmoSg4,8 MESES 8 CAUSAS,todo el centro,_BPEI,"COMUNICACIÓN ACTIVA CON LAS FAMILIAS, DINÁMICAS DE  GRUPO.","EN EL AÑO 2011 SE PLANTEÓ UNA INICIATIVA QUE IMPLICASE A TODA LA COMUNIDAD EDUCATIVA PARA PODER MEJORAR LA CONVICENCIA EN EL CENTRO, DE AHÍ SURGÍO DEDICAR CADA MES DEL CURSO ESCOLAR A UNA ASPECTO DE LA CONVIVENCIA QUE FUESE FUNDAMENTAL EN EL DÍA A DÍA DEL CENTRO: RESPETO, DERECHOS Y DEBERES, AMISTAD, COOPERACIÓN,....",,,2014/15,premio,Competencias sociales y cívicas,,,Gestión de las emociones,No,
22005728,rec,k7DlrEBzRso,LA MISIÓN DE LA PAJARITA,infantil,IEBP,TRABAJO POR PROYECTOS Y EN EQUIPO,"INVENTAR, ESCRIBIR, ILUSTRAR Y DRAMATIZAR UNA HISTORIA ENTRE TODOS PARA SU POSTERIOR GRABACIÓN.",,,2014/15,destacado,Competencia en comunicación lingüística; Competencia digital; Conciencia y expresiones culturales,,,Comunicación oral,No,
50000412,rec,wyPykXmA2p8,PROYECTO YDHEA Salesianos,4º ESO / 1º BACH,_YD,"YPD (Young Potencial Development), desarrollo del potencial del joven. Un innovador modelo de programación de habilidades y emprendimiento en las  aulas. Gracias a esta metodología, basada en los 4 pilares de su modelo de  desarrollo del talento (energía, creatividad, comunicación y liderazgo), y las  herramientas audiovisuales que la integran, los docentes pueden realizar en el  aula dinámicas basadas en el aprendizaje por la experiencia en las que los  jóvenes pueden descubrir su potencial, desarrollar su talento y fomentar su  espíritu emprendedor. Todo ello utilizando el entretenimiento como principal  canal para el despliegue y desarrollo de esas competencias claves.","Dinámicas sobre energía, creatividad, comunicación y liderazgo. Ha habido que  seleccionar alguna ya que no era posible realizar todas. Realización de un  proyecto final de Plan de Negocio, se ven en el video los tres proyectos que  han ido a la final. Una gran experiencia tanto para los alumnos como para los  profesores que esperamos volver a repetir.",,,2014/15,,Competencia en comunicación lingüística; Sentido de la iniciativa y espíritu emprendedor; Aprender a aprender,,,Comunicación oral,Si,
44004239,rec,9g0Xlmgcy4I,Metodología del aprendizaje servicio,,IEPR,,Alumnos de cursos anteriores enseñan a sus compañeros lo que ellos ya aprendieron,,,2014/15,,Aprender a aprender,,,,No,
50001829,rec,3AQuwUEY0M0,IMÁGENES DE BOALARES,Todo el centro,_ME,"ACTIVIDADES EN EL AULA Y EN EL EXTERIOR, EN EL CAMPO DE PRÁCTICAS","BREVE DESCRIPCION  DE LA ACTUACION: SE QUIERE MOSTRAR LA VIDA NOMAL EN LA  ESCUELA, UNAS IMÁGENES DE UN GRUPO TRABAJANDO EN CLASE, LUEGO DOS GRUPOS  DIFERENTES HACIENDO TRABAJOS EN INVERNADEROS Y EN EL EXTERIOR, Y FINALIZA CON LA  SALIDA DE LOS ALUMNOS DE LA ESCUELA.",,,2014/15,,Aprender a aprender; Competencias sociales y cívicas,,,,,
50003863,rec,eLqHNphzvSM,QUE ES UNA EFA. EFA LA NORIA, FPBASICA DE PELUQUERIA Y ESTETICA;  GRADO MEDIO DE ENFERMERIA Y GRADO SUPERIOR DE HIGIENE  BUCODENTAL,_INAEM,"FORMACIÓN DUAL (EMPRESA-CENTRO), PROFESIONAL Y HUMANA DE CALIDAD",UN PRIMER VIDEO DONDE SE  MUESTRA EL ESPIRITU DE UNA EFA Y EL SEGUNDO LA EDUCACIÓN  IMPARTIDA POR EL CENTRO.,,,2014/15,,,,,,,
50003863,rec,ELf-mY2RN7A,Educación EFA La Noria, FPBASICA DE PELUQUERIA Y ESTETICA;  GRADO MEDIO DE ENFERMERIA Y GRADO SUPERIOR DE HIGIENE  BUCODENTAL,_INAEM,"FORMACIÓN DUAL (EMPRESA-CENTRO), PROFESIONAL Y HUMANA DE CALIDAD",UN PRIMER VIDEO DONDE SE  MUESTRA EL ESPIRITU DE UNA EFA Y EL SEGUNDO LA EDUCACIÓN  IMPARTIDA POR EL CENTRO.,,,2014/15,,,,,,,
50001349,rec,ipLg-aGbSak,Otra forma de entender el vino,,_YD,,,,,2014/15,,,,,,,
22000779,rec,Zyk5gnj_VIk,Expertos en el aula,Todo el centro,IEPR,Trabajo cooperativo,"La meta que se persigue es que los alumnos mejoren su competencia lingüística utilizando  distintas técnicas de comunicación a la hora de  realizar presentaciones de documentos y  defensas de sus propios trabajos. A su vez, pretendemos modificar la motivación  de los alumnos hacia el estudio y la ampliación  de sus conocimientos, rompiendo con la  metodología existente actual de todos los  profesores y utilizando el trabajo cooperativo  como base.",,,2014/15,,,,,,,
50005963,rec,gRIEPq-f8mM,TRABAJAMOS CON GRUPOS INTERACTIVOS,2º y 5º,IEGI,Metodología de los grupos Interactivos,Muestra de cómo nuestros alumnos trabajan en Grupos Interactivos,,,2014/15,,,,,,,
50008952,rec,5IQIUIOGrp0,Hacia la integración del alumnado con espectro autista,Todo el centro,_TEA,Metodología inclusiva a través del fomento de la autonomía con el método TEACH,"Juegos, cuentos y nuevas tecnologías",,,2014/15,,,,,,,
50007194,rec,GXRzkF_RiFM,Cantania NS Merced,,ALCA,,,,,2014/15,,,,,,,
22002673,rec,nCDJ2r6CCMw,El funcionamiento del drone,,_NTEC,,,,,2014/15,,,,,,,
50002433,rec,edAj1fujhJY,Lipdub - corazón contento,,_BPEI,"Video final del curso 2012/2011 a todo el trabajo realizado en convivencia en el centro. En él, participan: alumnos, padres, profesoras, vecinos y personal del  antiguo CPR de “La Almunia”",,,,2014/15,premio,,,,,,
50018842,rec,aX6rx7X63k0,Creative ebook musical interactivo,,IEPR,,,,,2014/15,,,,,,,
50005926,rec,_YRE863tCbk,"Te cuido, me enseñas, nos educan",,IEPR,,,,,2014/15,,,,,,,
50009208,rec,RcHIFVu18L4,Alfabetomotricidad,,IEPR,,,,,2014/15,,,,,,,
50010302,rec,VV0emVh9mgY,"PIBLEA, POLE y otras lenguas",Todo el centro,LEPO,"Participativa, colaborativa, Funcional, Comunicativa","El objetivo principal de los departamentos de lenguas del  centro es fomentar las  habilidades comunicativas de los  alumnos en Inglés a través de su  participación activa en  actividades como role-plays,  conciertos, proyectos sobre  cultura anglosajona, english  week, concursos, exposiciones  orales, debates, etc.",,,2014/15,,,,,,,
50006633,rec,4p4TB0j3pZE,"PASEN Y VEAN, LA FUNCIÓN VA A COMENZAR (Cómo lo hicimos)",1º DE EDUCACIÓN INFANTIL,IEBP,"APRENDIZAJE SERVICIO, INTELIGENCIAS MÚLTIPLES (IIMM), COMPETENCIAS BÁSICAS 
(CCBB), APRENDIZAJE COOPERATIVO.","Breve descripción de la actuación El mini-vídeo expone el proceso llevada a cabo por el equipo docente para la programación y  realización de la Unidad didáctica integrada “Pasen y vean, la función va a comenzar”. Surge de una idea de regalar a las personas que nos quieren y cuidan algo que los alumnos,  aunque pequeños, pueden hacer. Una obra de teatro en la que ellos inventan el guión, construyen  los decorados y elaboran sus disfraces. La meta es conseguir una tarea social relevante que da sentido al aprendizaje y ésta estimula el  desarrollo de las competencias necesarias para ello. Se crea un equipo de trabajo en el que todos  son necesarios y todos aportan desde sus posibilidades. Como centro bilingüe, el inglés se integra en la programación y en el proceso de aprendizaje.",,,2014/15,,,,,,,
50018830,rec,LyenDtLx-5Q,Entornos felices: la clave de la convivencia.,Todo el centro,_BPEI,,,,,2014/15,,,,,,,
50011008,rec,nfWGb6KXvRw,INCLUSIÓN Y CONVIVENCIA UN PROYECTO GLOBAL EN EL IES RODANAS,Todo el centro,_BPEI,"Conseguir la participación de todos los agentes educativos para favorecer y  educar en la inclusión y convivencia. Descripción: Destacamos el Observatorio de la convivencia que permite  planificar, orientar y ordenar las acciones tanto del centro como del entorno con  el objetivo de favorecer y educar en la inclusión y convivencia. Se distingue la diversidad como factor positivo para la educación y el desarrollo  y el fomento de actuaciones para la participación y la interacción entre todos los  agentes educativos. El centro participa en el proyecto Plurales. Resultados: Mejora en el clima general del Centro. Buenos resultados  académicos y de inserción laboral. Convivencia entre situaciones de excelencia y  situaciones de problemas de escolarización o de desventajas",,,,2014/15,,,,,,,
44004148,rec,tsuq4sHrfnA,HACIA UNA ESCUELA MÁS INCLUSIVA QUE MEJORE LA CONVIVENCIA,Todo el centro,_BPEI,Práctica que recoge una serie de acciones para mejorar la convivencia a través de prácticas inclusivas realizadas e impulsadas desde nuestro  centro.,"La actuación recoge un análisis del concepto de inclusión y  convivencia dentro de los documentos de gestión del centro, y la  relación del colegio con el entorno para poner en marcha  diferentes acciones inclusivas. A partir de ahí se concretan las prácticas inclusivas y de  convivencia desarrolladas en el curso 2013/2014 con otros  colectivos, y encuestas realizadas a los diferentes sectores de la  comunidad educativa para mejorar la inclusividad en el centro. La actuación concluye con las líneas de consolidación y  perspectivas de futuro para el curso 2014/2015.",,,2014/15,,,,,,,
22001875,rec,http://programaseducativosaragon.es/wikiprogramas/images/4/47/Buenas_practicas_convivencia_-_CEIP_Miguel_Servet.pdf,Buenas prácticas de convivencia,,_BPEI,,,,,2014/15,,,,,,,
50018143,rec,https://www.youtube.com/watch?v=Bf6wQ2ftveQ,"Educamos para la vida, no para la escuela",,_BPEI,,,,,2014/15,,,,,,,
50017448,rec,https://youtu.be/qljPR6BxgDQ?t=40,Robótica educativa en Educación Infantil y Primaria,Todo el centro,IEPR,"Fomentar la inclusión de  la robótica en las aulas , como herramienta de aprendizaje","Enseñar a programar/codificar, dotar a los alumnos de la capacidad de utilizar juegos, animaciones, postales digitales, escenas interactivas...como una nueva manera de expresar sus ideas y comunicarse  con los demás.",,http://apprendiendoconrobotica.blogspot.com.es/,2015/16,premio,Competencia matemática y competencias básicas en ciencia y tecnología; Competencia digital;Competencia lingüistica; Aprender a aprender; Competencias sociales y cívicas; Sentido de la iniciativa y espíritu emprendedor; Conciencia y expresionas culturales,Domingo Santabárbara Bayo,tutordomingo@hotmail.com,TAC (Tecnologías del Aprendizaje y del Conocimiento),No,
50017448,rec,http://www.kizoa.com/embed-26224727-1132559o1l1,Trabajando el pensamiento creativo y divergente con Lego,Todo el centro,IEPR,,"Utilización de Lego Learn to learn,  un material compuesto por ladrillos Lego especialmente diseñados para desarrollar actividades que potencien el pensamiento divergente y creativo a la par que permite a los niños convertirse en alumnos eficaces y desarrollar las llamadas competencias del siglo XXI",,,2015/16,premio,Aprender a aprender; Competencia en comunicación lingüistica; Sentido de la iniciativa y espíritu emprendedor; Competencia Digital; Competencias sociales y cívicas,Domingo Santabárbara Bayo,tutordomingo@hotmail.com,TAC (Tecnologías del Aprendizaje y del Conocimiento),No,
50017448,rec,https://www.youtube.com/watch?v=GUy9T5BEfOc&feature=youtu.be,APPrendiendo con P.D.I. en las aulas de Ed. Infantil,Todo el centro,IEPR,,"Utilización de la PDI en el aula. Ejemplo de una metodología interactiva y participativa en todo el ciclo.
LA ASAMBLEA DIARIA:
Diariamente el encargado se ocupa de las tareas de pasar lista, poner la fecha en el calendario, contar cuantos amigos estamos y cuantos han faltado, colocar la estación del año y ver que tiempo hace hoy, etc. 
 El trabajo de la asamblea con la PDI nos permite trabajar la autonomía y contenidos curriculares como la lectoescritura, la numeración, el clima, etc.
Además nos sirve como docentes para realizar una evaluación de los progresos y evoluciones de cada uno  de los alumnos en las diferentes áreas y contenidos que vamos trabajando en el aula.

GRAFOMOTRICIDAD:
Realizamos en la PDI prácticas de grafomotricidad de todo tipo. La posibilidad de hacer trazos más amplios facilita en un principio a todos la posibilidad de empezar a aprender a trazar. Además el poder utilizar una paleta de 20 colores, 10 grosores y diferentes texturas motiva a los niños a hacerlos “cada vez mejor”. Escribimos nuestros primeros números y letras, ya sea repasando los caminos marcados, rodeando las letras que buscamos o copiando lo que se ha puesto como ejemplo.
       
",,,2015/16,premio,Aprender a aprender; Competencia en comunicación lingüistica; Sentido de la iniciativa y espíritu emprendedor; Competencia digital; Competencias sociales y cívicas;Competencia matemática y competencias básicas en ciencia y tecnología,Domingo Santabárbara Bayo,tutordomingo@hotmail.com,TAC (Tecnologías del Aprendizaje y del Conocimiento),No,
50017448,rec,http://youtu.be/kfHbf1CYKYA,APPrendiendo con tablets en Educación Infantil,Educación Infantil,IEPR,,"

Utilización de las tablets en el aula a través
de tres usos:
                  
Rincón tecnológico:

Cuidando la conjugación con rincones de material
manipulativo y vivencial, y  propiciando, a través del trabajo en pequeño
grupo, el desarrollo de procesos individuales y aprendizaje entre iguales,
actividades de refuerzo, repaso, evaluación y ampliación, así como el trabajo
de capacidades de atención , memoria o motricidad fina de manera individual,
tal y como podemos ver en este vídeo. 

CREAMOS NUESTRA PRIMERA APP

Con
motivo de la  celebración de las Fiesta del Pilar en Zaragoza, lo peques
crearon una APP sobre los cabezudos de Zaragoza, en la que utilizando appsgeyser hemos
 elaborado dos actividades: una de adivinar el nombre del cabezudo y otra
de escuchar su canción o coplilla.
Si quieres descárgartela de manera gratuita en tu móvil o tableta android, accede a https://www.dropbox.com/s/37hjf0comm5c792/-CONOCE_A_LOS_CABEZUDOS.apk?dl=0 o escanea el código QR.
",,,2015/16,premio,Aprender a aprender;Competencia digital;Competencia en comunicación lingüística;Competencia matemática y competencias básicas en ciencia y tecnología,Domingo Santabárbara Bayo,tutordomingo@hotmail.com,TAC (Tecnologías del Aprendizaje y del Conocimiento),No,
50011288,rec,https://www.youtube.com/watch?v=5bOVnAXvCJM,El club de la pajarita,,IEPR,Fomento de los valores a través del cine,"Trabajar los valores y la convivencia a través del cine, extendiendolo a actividades como el fomento de la lectura o bailes con bandas sonoras de películas. Realización de un cortometraje con un mensaje de fondo de ayuda en la resolución de conflictos.",,http://elclubdelapajarita.blogspot.com.es/,2015/16,premio,Competencia en comunicación lingüística;Aprender a aprender; Competencias sociales y cívicas;Sentido de la iniciativa y espíritu emprendedor; Conciencia y expresiones culturales,,976125079,Comunicación oral; Gestión de las emociones,No,
50018283,rec,,Mi cole es un museo de Aragón,,IEPR,Proyecto colaborativo,"El objetivo del proyecto es potenciar el conocimiento de la cultura el arte y la ciencia de Aragón por parte del alumnado del centro, contando para ello con toda la comunidad educativa. El eje coordinador y dinamizador es un blog organizado por el grupo de trabajo pero en el que pueden participar aquellos miembros de la comunidad educativa, en el se van recopilando aquellos symbaloos de recursos que se están elaborando durante el proyecto y se van actualizando con la incorporación de aquellos enlaces que se remiten al grupo.",,http://micoleesunmuseo.blogspot.com.es,2015/16,,Competencia en comunicación lingüística;Aprender a aprender; Competencias sociales y cívicas;Sentido de la iniciativa y espíritu emprendedor; Conciencia y expresiones culturales,Yolanda Pérez Mauri,yolyinfantil@gmail.com,Compromiso social,No,
50018143,rec,https://www.youtube.com/watch?t=39&v=O4m0vC_Q2RM,Certamen de Lectura en Voz Alta,,IEPR,Aprendizaje cooperativo,"Actividad fundamentada en técnicas de aprendizaje cooperativo. Lecturas en pequeño grupo, no se trata de seleccionar los mejores lectores sino de facilitar la inclusión y que cada individuo se esfuerce en mejorar su aportación individual a una tarea común y significactiva que implica la mejora de la competencia lectora con un sentido concreto: leer para un público variado (compañeros, familias, invitados...). En la evaluación del proceso participa activamente el grupo de niños/as de cada clase. La activiad se programa en 3 fases, siendo la última una lectura abierta al público por parte del equipo seleccionado en cada nivel. En este curso se han añadido a la actividad lecturas en francés e inglés.",,http://unrincondelabiblioteca.blogspot.com.es/search/label/certamen,2014/15,,Competencia en comunicación lingüística,Pilar Ciutad Lacambra,cpjuszaragoza@educa.aragon.es,Comunicación oral,No,
50018283; 50006220; 50009403; 50005641; 50009452,rec,https://dl.dropboxusercontent.com/u/46039577/berta/intro.swf,Proyecto Alegría. La abeja Berta y el abuelo Li,,IEPR,"Se trabaja con metodologías activas a partir de tareas competenciales, destrezas de pensamiento, aprendizaje basado en proyectos y metodología cooperativa.","Es un proyecto globalizado de desarrollo integrado de las competencias clave y la educación en valores para 4º de primaria. A partir de diversos cuentos motores se implementan tareas competenciales globalizadas en los ámbitos lingüístico y matemático, tareas de pensamiento científico y de desarrollo de destrezas de pensamiento, y alguna propuesta de investigación usando las TIC. El programa se beneficia del uso de una aplcación web propia desarrollada en Flash de uso libre.",,http://cofredepiratas.blogspot.com.es/search/label/Proyecto%20Alegr%C3%ADa,2014/15,,Competencia matemática y competencias básicas en ciencia y tecnología; Competencia en comunicación lingüística; Competencias sociales y cívicas; Aprender a aprender; Competencia digital;,"Martín Pinos Quílez (coordinador), Beatriz Pérez Contreras",martin.pinos@gmail.com,TAC (Tecnologías del Aprendizaje y del Conocimiento); Gestión de las emociones;,No,
50017369,rec,,Trabajamos con los 7 sentidos: Intervención desde la perspectiva de intengración sensorial en el CEE Ángel Rivière,,IEPR,Introducción de la Terapia Ocupacional desde la perspectiva de la Teoría de la Integración Sensorial,"El proyecto consiste, siguiendo con la trayectoria formativa de años anteriores, en introducir y adaptar en el contexto de un centro de Educación Especial, el aporte profesional de una disciplina externa a los centros escolares, la Terapia Ocupacional desde la perspectiva de la Teoría de la Integración Sensorial.",,,,,,Mª Luisa Marco Bruna,ceeangelriviere@gmail.com,,,
