label,type,link,cpro,metodologia,descripcion,mas,webproyecto,competencias,responsables,contacto,lineas,institucional,pagina,centros
"Programa Cantania San Juan de la Peña",rec,https://youtu.be/wyHkLyYYNPE,ALCA,"Dentro del aula de música preparamos con todo el alumnado de 5o de EP una Cantata para ser interpretada en un concierto final con orquesta y solistas en directo.

Se trabaja la voz y el canto coral, escenografía y movimiento escénico, potenciando el trabajo musical, artístico y dramático.

Es u","En el video aparecen dos fragmentos de las canciones que trabajamos en clase, “Corto a mi paso” y “¡Merluza, chirlas y atún!”",,,"Competencia en comunicación lingüística;Conciencia y expresiones culturales",,,"Comunicación oral",Institucional,1081,22002673
"Semillas de inclusión",rec,https://youtu.be/IiWC4Dvm2Gk,_BPEI,"En el video se muestra una de las acciones llevadas a cabo en la primavera de 2012: convivencia desarrollada en Ansó entre los alumnos de ese centro y los chicos piagetenses.","Lo desconocido da miedo y provoca rechazo, y porque ningún niño debe producir rechazo por el mero hecho de ser diferente, comenzamos a trabajar por la educación en la diversidad, por la sensibilización, por los derechos de nuestros alumnos a una infancia feliz rodeada de lo que quieren los niño","En este proyecto nos centramos en la importancia de dar a conocer la discapacidad para mejorar la inclusión de las personas que la tienen y cómo ése es uno de los objetivos en materia de convivencia para nuestro centro dadas las características de nuestro alumnado.
De entre todas las actividades",,"Competencias sociales y cívicas;Conciencia y expresiones culturales",,,"Gestión de las emociones","No institucional",1082,50018131
"Cosas de la edad",rec,https://youtu.be/w1qjGicBb20,_BP,"El video muestra como los principios de
habilitación y participación son posibles. Las
personas con diversidad funcional pueden
tener las mismas oportunidades que
cualquier otra persona con las ayudas
oportunas.","El  proyecto premiado cuenta con dos partes diferenciadas pero muy relacionadas entre sí.

Planteamos este proyecto como un viaje que nos lleva del yo (VillaMÍ) al nosotros (VillaNOSOTROS), y dentro de cada uno de estos “destinos”, encontramos diferentes “etapas”.

Trabajamos dentro del ce",,,"Competencias sociales y cívicas;Conciencia y expresiones culturales;Aprender a aprender",,,"Gestión de las emociones","No institucional",1083,50018131
"Happy Piaget",rec,https://youtu.be/2QzXdqiO3mA,_BP,"El video muestra una de las actividades que se han desarrollado dentro del trabajo en bienestar emocional desarrollado en las aulas 10 y 11.","Las intervenciones educativas que se desarrollan en nuestra escuela se centran en cuatro ámbitos que se retroalimentan entre sí. Tres de ellos hacen alusión a la red social de apoyo de las personas con necesidades especiales (familia, equipo interprofesional y entorno socio comunitario). Y el otr",,,"Competencias sociales y cívicas;Conciencia y expresiones culturales",,,"Gestión de las emociones","No institucional",1084,50018131
"La fiesta de cumpleaños",rec,https://youtu.be/Q9osa8HrZQs,_BP,"El video muestra el trabajo centrado en habilidades funcionales y contextos ecológicos. También ofrece una visión sobre como implementar los principios de habilitación y participación. Y resume perfectamente lo importante que es la colaboración entre escuela y familia para que los proyectos vi","El proyecto premiado pretende:
* Dar a conocer los puntos fuertes de los alumnos con discapacidad a los alumnos sin discapacidad.
* Promover actitudes de compresión, respeto ante los alumnos con discapacidad.
* Fomentar habilidades adecuadas de interacción, así como el interés por la relación s",,,"Competencias sociales y cívicas;Conciencia y expresiones culturales",,,"Gestión de las emociones;Compromiso social","No institucional",1085,50018131
"Así somos, así convivimos",rec,https://youtu.be/mZKw65Y9jGo,_BPEI,,"Actividades de convivencia que mostramos así las señas de identidad de nuestro centro.",,,"Competencias sociales y cívicas;Conciencia y expresiones culturales",,,"Gestión de las emociones;Compromiso social","No institucional",1086,50001222
"Pingües palabras con perros",rec,https://youtu.be/PtakH0HvV14,IEPR,"Proyecto de educación asistida con perros que incorpora la presencia de este animal en el aula y en todas las actividades diseñadas para los alumnos, como herramienta dinámica y motivadora para trabajar la lectura global de palabras, la estructuración de oraciones y la comprensión lectora.","A lo largo de 18 sesiones de trabajo con el perro en el aula, presentamos el vocabulario que los alumnos tienen que aprender para elaborar con él oraciones. Las oraciones las trabajamos de forma que los alumnos puedan vivenciarlas a través de la figura del perro y, de este modo, les resulten más ",,,"Competencia en comunicación lingüística;Aprender a aprender;Competencias sociales y cívicas",,,"Comunicación oral","No institucional",1087,50018131
"Coro escolar",rec,https://youtu.be/bT2hXe4zEPs,ALCE,,,,,"Competencias sociales y cívicas;Conciencia y expresiones culturales",,,"Comunicación oral",Institucional,1088,50017904
"Aprender a Convivir. Programa para la mejora de la Competencia Social en niños de 2º ciclo de Educación Infantil.",rec,https://youtu.be/6RpECkqdxZM,_CONV,"El programa Aprender a Convivir se divide en 4 bloques, con 3 unidades cada una de ellas: a)normas y su cumplimiento, b)sentimientos y emociones, c) habilidades de comunicación, y d)ayuda y cooperación)
Con ayuda de Quique, Lupi y Gabi (marionetas) se aproxima a los niños a los diferentes objetiv","Durante el curso 2011/12 se implementó por primera vez el programa en nuestro centro. Nuestro proyecto consta de dos partes, por un lado la formación docente previa a la implantación del programa y por otro lado la puesta en marcha del programa Aprender a Convivir con nuestros alumnos.",,,"Aprender a aprender;Competencias sociales y cívicas",,,"Gestión de las emociones","No institucional",1089,50017874
"Colorín Colorado, este cuento aún no se ha terminado",rec,https://youtu.be/63CI5ztXcCo,IEBP,"ACTIVA Y PARTICIPATIVA CON LOS ALUMNOS Y LAS FAMILIAS","ESTIMULACIÓN TEMPRANA A TRAVES DE LOS CUENTOS",,,"Competencia en comunicación lingüística;Aprender a aprender",,,"Comunicación oral","No institucional",1090,22010724
Pirueta,rec,https://youtu.be/s0ay8oN2XrE,IEBP,"Los elementos de actuación incorporados son, sobre todo, la forma de aprendizaje de la lectura y la escritura. PIRUETA es algo más que una revista. PIRUETA es una metodología activa cuyo objetivo es el desarrollo de todas las Competencias Básicas. Es una forma de Aprender para la Vida y desde la","Esta revista es una forma de participación dinámica e interactiva. Antes de llevar las producciones a la pared mural que expone nuestra revista, es muy importante lo que se gesta en el aula, Y es la posibilidad de vertebrar procesos consultivos y deliberativos sobre cuestiones concretas que nos af",,,"Competencia en comunicación lingüística;Aprender a aprender;Sentido de la iniciativa y espíritu emprendedor",,,"Comunicación oral","No institucional",1091,22002673
"Pit 1",rec,https://youtu.be/iwagbb4tUeg,_PIT1,"Motivante proyecto de Innovación con Tablets- PIT1. A traves de un estudio investigación se valora el impacto de la utilización de Tablets en la cognición del alumnado.","metodología que fomenta la interacción social.",,,"Competencia digital;Competencias sociales y cívicas",,,"TAC (Tecnologías del Aprendizaje y del Conocimiento)","No institucional",1092,50001301
"Niños sordos",rec,https://youtu.be/__nKoZsYgqw,IEPR,"En el centro se utilizan tanto el Metodo verbotonal y como la Innovación pedagógica para la consecución de los logros curriculares y rehabilitadores de la audición y el lenguaje. La inclusión del trabajo por competencias, así como el uso de proyectos de comprensión, destrezas y rutinas de pen",,,,"Competencia en comunicación lingüística;Aprender a aprender;Competencias sociales y cívicas",,,"Comunicación oral","No institucional",1093,50007376
"Haciendo camino",rec,https://youtu.be/DqYFZP_eesM,IEPR,"Aplicación de la metodología aprendizaje servicio en educación física en secundaria",,,,"Aprender a aprender",,,"TAC (Tecnologías del Aprendizaje y del Conocimiento)","No institucional",1094,44004239
"Los sonidos del Reino",rec,http://programaseducativosaragon.es/wikiprogramas/images/6/64/El_castillo_de_Alfind%C3%A9n.pdf,IEBP,,,,,"Competencia en comunicación lingüística",,,"Comunicación oral","No institucional",1095,50017898
"Las Tic en el aula:Innovación interacción",rec,https://youtu.be/ZbgAcV5WoeU,IEBP,,,"-convocatoria de innovación uso de la pizarra digital, tabletas y ordenadores en las diferentes áreas de Educación Infantil.",,"Competencia digital",,,"TAC (Tecnologías del Aprendizaje y del Conocimiento)","No institucional",1096,22000721
"La sombra del drone",rec,https://youtu.be/g7nkIJgjRQE,IEPR,,,,,"Competencia digital",,,"TAC (Tecnologías del Aprendizaje y del Conocimiento)","No institucional",1097,22002673
"Proyecto de Aikido en la resolución de conflictos",rec,https://youtu.be/5EXnrfkmHEE,IEPR,,"Resolución de conflictos en el aula mediante la aplicación de la filosofía del Aikido",,,"Competencias sociales y cívicas",,,"Gestión de las emociones","No institucional",1098,50008770
"Nos preparamos para la vida",rec,https://youtu.be/Yb_RnYKGLx4,IEPR,,,,,"Aprender a aprender;Competencias sociales y cívicas",,,"Metodologías activas","No institucional",1099,22002673
"Dos historias diferentes",rec,https://youtu.be/J4lVWUrXD0A,PRDC,"Elaboración de guión de un corto, teatro y escenificación, grabación, montaje, etc.","En esta actividad realizada dentro del programa de Desarrollo  de capacidades en el CEIP JOSEFA AMAR Y BORBÓN se ha  intentado aunar la inquietud de alumnos y profesorado ante el  tema de violencia de género con el aprendizaje sobre la  realización de un corto cinematográfico, con todos los paso",,"Sí

WEB DEL COLEGIO:

http://www.cpavzara.educa.aragon.es/inicio/index.html","Competencia en comunicación lingüística;Competencia digital;Conciencia y expresiones culturales",,,"TAC (Tecnologías del Aprendizaje y del Conocimiento);Gestión de las emociones","No institucional",1100,50011847
"Proyecto Global &quot;Entre Todos&quot;",rec,https://youtu.be/nk-1nVxYrzc,_BPEI,"En este vídeo se recogen las claves del Proyecto Global “ENTRE TODOS”, el cual ha permitido  transformar un centro con graves problemas de convivencia, absentismo y fracaso escolar en  una ESCUELA INCLUSIVA.","El Proyecto “ENTRE TODOS” pretende ofrecer una respuesta educativa a un centro con graves  carencias sociales, culturales y económicas, etc. (60% del alumnado es de etnia gitana, el 35%  inmigrante y el 5% de otros grupos con déficits socio culturales). El problema de partida del  CEIP “Rami","ENTRE TODOS” ofrece una respuesta educativa a un barrio con graves carencias sociales, culturales y económicas. (60% etnia gitana, 35% inmigrante y 5% otros). Partíamos de: muy elevado índice de absentismo, problemas graves de convivencia, desfases curriculares superiores a dos cursos escolares",,"Competencias sociales y cívicas",,,"Gestión de las emociones;Compromiso social","No institucional",1101,50008691
"Le cinema des 5 ans",rec,https://youtu.be/K89OBFxlyUs,IEBP,"desde una metodología globalizadora y constructivista se trabaja el proyecto del cine en francés","Principal objetivo: potenciar la experimentación, la libre expresión y la originalidad desarrollando un espiritú creativo a través de la creación de una película.",,,"Competencia en comunicación lingüística;Sentido de la iniciativa y espíritu emprendedor",,,"Comunicación oral","No institucional",1102,50018258
"Prácticas Innovadoras en Educación Infantil",rec,https://youtu.be/cjLragDLUAw,IEBP,"metodología por Inteligencias múltiples, trabajo cooperativo, participación familiar, cooperación internacionial","experiencia a través de eje vertebrador del mercadillo solidario. Actividades llevadas a cabo desde todas las inteligencias múltiples. Tarea final: Mercadillo solidario, hermanamiento con Colegio en Nicaragua, implicación familiar y de toda la comunidad educativa.",,,"Competencias sociales y cívicas;Sentido de la iniciativa y espíritu emprendedor",,,"Compromiso social","No institucional",1103,22001875
"Pareja pedagógica en el área de Educación Física",rec,https://youtu.be/oEKHnY461hw,IEPR,"Los dos especialistas de Eduación Física del centro imparten clase simultaneamente a los dos grupos de alumnos del mismo nivel.","Como medida de atención a la diversidad hemos decidido juntar las dos vías para poder estar dos profesores a la vez con el gran grupo. Esta situación permite atender la diversidad de aprendizajes, evaluar con mayor rigurosidad, fomentar la convivencia e integrar las TIC entre otras posibilidades.",,,"Competencias sociales y cívicas",,,"Metodologías activas","No institucional",1104,22002338
"Problemas En El Paraíso: ¡Una Aventura Matemática!",rec,https://youtu.be/m_TjEAX_Tuw,IEPR,"ACTIVA, LÚDICA, MANIPULATIVA, EXPERIENCIAL, INCLUSIVA Y PARTIENDO DE LOS

APRENDIZAJES PREVIOS DE LOS ALUMNOS.",,"TODO EL COLEGIO LLEVA A CABO SISTEMÁTICAMENTE UNA SESIÓN DIARIA DE EJERCICIOS PROGRESIVOS Y SECUENCIADOS DE CÁLCULO MENTAL. TAMBIÉN DE UNA FORMA INTERNIVELAR HEMOS ORGANIZADO Y PREPARADO TODAS LAS ACTIVIDADES EN EL COLEGIO EN TORNO A LA COMPETENCIA MATEMÁTICA : NAVIDAD, CARNAVAL, JORNADAS CULTU",,"Competencia matemática y competencias básicas en ciencia y tecnología",,,"TAC (Tecnologías del Aprendizaje y del Conocimiento);Gestión de las emociones","No institucional",1105,50006311
"Mi Huerto Ecológico",rec,https://youtu.be/mHJsRlWMkyo,IEBP,"ACTIVA -PARTICIPATIVA","Participación de las familias (en este caso un abuelo) en la programación del Centro. Tenemos un proyecto de un huerto ecológico donde plantamos, cuidamos y cosechamos los frutos que nos da para luego compartirlo en clase y algunas veces, llevarnoslo para cocinar en casa con las familias.",,,"Competencias sociales y cívicas",,,"Compromiso social","No institucional",1106,22010670
"Mejora de la significatividad de la relación de las TIC con las asignaturas",rec,https://youtu.be/pBshI_uDqEQ,IEPR,"Trabajo por grupos, debate y

argumentación. Exposición oral","partiendo de que la enseñanza de las TIC quedaba muy descontextualizada en nuestro centro, hemos querido darle mayor relación con las  asignaturas tratando de adaptar los trabajos o contenidos al medio. Trabajar la figura  humana y el movimiento usando técnicas de stop-motion, la expresión oral ",,,"Competencia digital",,,"TAC (Tecnologías del Aprendizaje y del Conocimiento);Gestión de las emociones","No institucional",1107,44002221
"Valoración cognitiva en población geriátrica",rec,https://youtu.be/-L-nxMDjBBE,IEPR,Role-playing,"Breve descripción de la actuación: El alumnado se distribuye en grupos de 2-4 personas. Uno de ellos representa el papel del  anciano, al que se le han asignado unas determinadas características cognitivas y una historia  concreta. Otro hace de sanitario, que le realiza al anterior una valoració",,,"Competencia en comunicación lingüística;Aprender a aprender;Competencias sociales y cívicas",,,"Comunicación oral","No institucional",1108,50006761
"Nuestro país vecino, Francia",rec,https://youtu.be/zYsOjWsK4Tw,IEPR,"Programación desde las inteligencias múltiples en un centro bilingüe","Fomentamos y potenciamos las inteligencias múltiples de nuestros alumnos a través del proyecto: &quot;Nuestro país vecino, Francia. Nos voisins, les français&quot;",,,"Competencia en comunicación lingüística;Aprender a aprender;Competencias sociales y cívicas",,,"Comunicación oral","No institucional",1109,50018261
"School Radio",rec,https://youtu.be/x7Wb5izKsco,IEPR,"SE UTILIZA EL TRABAJO COOPERATIVO ENTRE LOS MIEMBROS DE LA  COMUNIDAD ESCOLAR, Y SE DA UN PAPEL RELEVANTE A LOS ALUMNOS  DE TERCER CICLO COMO RESPONSABLES DEL PRODUCTO FINAL.","ES UN PROYECTO DE INNOVACIÓN EDUCATIVA QUE TIENE COMO OBJETO MEJORAR LA COMPETENCIA LINGÜÍSTICA ORAL Y ESCRITA A  TRAVÉS DE LA RADIO ESCOLAR, UN RECURSO CON MÚLTIPLES  POSIBILIDADES Y BENEFICIOS PARA LOS ALUMNOS.",,,"Competencia en comunicación lingüística",,,"Comunicación oral","No institucional",1110,50002329
"Made In Blecua",rec,https://youtu.be/KU1kXV4-c3w,IEPR,"Aprendizaje  cooperativo,  Aprendizaje  por  Proyectos,  Interdisciplinariedad,  Herramientas  colaborativas  2.0  (GoogleApp  for  Education)","El  Proyecto  de  Innovación  “Made  in  BleCua”  es  una  apuesta  inclusiva  que  pretende  por  un  lado  cohesionar  de  format  creativa  y  saludable  (entendiendo  salud  en  su  triple  dimensión:  física,  emocional  y  social)  las  iniciativas  educativas  de  la  comunidad  BleCua",,,"Competencia digital;Competencias sociales y cívicas",,,"TAC (Tecnologías del Aprendizaje y del Conocimiento);Gestión de las emociones","No institucional",1111,50009166
"Pasen Y Vean, La Función Va A Comenzar",rec,https://youtu.be/T_Wq2Pbems8,IEPR,"APRENDIZAJE SERVICIO, INTELIGENCIAS MÚLTIPLES (IIMM), COMPETENCIAS BÁSICAS
(CCBB), APRENDIZAJE COOPERATIVO.","Es una práctica que combina procesos de aprendizaje y de servicio a su entorno más cercano.
Para ello crean en equipo una obra de teatro con todos sus elementos, regalándola a sus abuelos.",,,"Competencia en comunicación lingüística",,,"Comunicación oral","No institucional",1112,50006633
"Proyecto Cultural De Centro",rec,https://youtu.be/Btej289ko2M,_PC,,,,,"Conciencia y expresiones culturales",,,"Metodologías activas",Institucional,1113,50009129
"PIBE en IES Cinco Villas",rec,https://youtu.be/YBxDxMwIesI,IEGI,"Activa, grupal y reconocidas como actuaciones de éxito. Actividades grupales a las que se les ha
incluido un elemento nuevo  en el grupo, el voluntario, es decir, más componentes para
interactuar , en el aula no solo hay alumnado y profesorado. Por supuesto, estas metodologías
van a lograr un apr","Llevamos muchos años trabajando de forma grupal y con metodologías muy activas pero nuestra  andadura en los grupos interactivos es corta. Llevamos trabajando de forma activa en el aula  este segundo trimestre. Hemos comenzado por 1º de ESO en las materias de Música y de Lengua.  Su puesta en fu",,,"Aprender a aprender;Competencias sociales y cívicas",,,"Metodologías activas","No institucional",1114,50009129
"Aplicación de la filosofía y práctica del  Aikido a la resolución de conflictos en el aula",rec,https://youtu.be/P1QNbVIzj8s,IEPR,"Organización del Proyecto de innovación educativa para su desarrollo en el Centro.","Explicación de cómo ha sido llevado a cabo el proyecto de innovación en el Centro, en que personas se ha actuado, y que tipo de actividades han sido  llevadas a cabo.",,,"Competencias sociales y cívicas",,,"Gestión de las emociones","No institucional",1115,50008770
"Taller de capacidades",rec,https://docs.google.com/file/d/0B_Jm8DOkHqDcUnoyVWRKVmstOEk/edit,PRDC,Talleres,"Los alumnos representan escenas",,,"Competencia en comunicación lingüística;Aprender a aprender",,,"Comunicación oral","No institucional",1116,22002508
"Grupos Interactivos: Otra Forma  De Aprender Y Compartir",rec,https://youtu.be/K1uPEOb5ViA,IEGI,"En este vídeo se recoge el funcionamiento de un grupo interactivo así como el papel que desempeña el profesor/tutor, los voluntarios y el alumnado.","Los grupos interactivos constituyen una práctica inclusiva de organización del aula avalada  por la Comunidad Científica porque mejora los aprendizajes, la convivencia y el entusiasmo  por el aprendizaje. Es una actuación sencilla que implica la entrada en el aula de voluntariado con un perfil m",,,"Aprender a aprender;Competencias sociales y cívicas",,,"Metodologías activas","No institucional",1117,50008691
"APRENDER A SER PERSONAS (Proyecto de Inteligencia Emocional).",rec,https://youtu.be/1fJNgM3gDcg,_CONV,"En este vídeo se recoge cómo un centro, desde hace diez cursos, ha integrado la inteligencia  emocional en el día a día de la práctica docente de todo el profesorado. Para ello se ha  sistematizado la acción tutorial (semanalmente) con la puesta en marcha del programa  “APRENDER A SER PERSON",,,,"Competencias sociales y cívicas",,,"Gestión de las emociones","No institucional",1118,50008691
"Los Zapatos, Mucho Más Que Un Juego",rec,https://youtu.be/vVDop0g2V3c,IEBP,"Metodología constructiva, partir de lo que el niño/a conoce para construir nuevos aprendizajes.","Juego con un objeto real conocido: LOS ZAPATOS. A partir de la exploración del objeto lúdico se crean nuevas experiencias educativas.",,,"Aprender a aprender;Competencias sociales y cívicas",,,"Metodologías activas","No institucional",1119,50018878
"Escuela Infantil Municipal “El Bosque”",rec,https://youtu.be/6FT2lvTJ90A,IEBP,"Metodología constructiva, partir de lo que el niño/a conoce para construir nuevos aprendizajes. Atención individualizada respetando las características personales de cada niño/a","Se expone una pequeña muestra del trabajo desarrollado en el centro",,,"Aprender a aprender;Competencias sociales y cívicas",,,"Compromiso social","No institucional",1120,50018878
Adc_Hispanidad,rec,https://youtu.be/wavp0nu3s0c,PRDC,"SE TRABAJA LA AUTONOMÍA, LAS CAPACIDADES DEL ALUMNO ATENDIENDO  AL APRENDIZAJE SIGNIFICATIVO, LOS APRENDIZAJES  PREVIOS, LAS MOTIVACIONES E INTERESES DEL  ALUMNADO, LA METACOGNICIÓN, DESDE DIFERENTES  ENFOQUES Y METODOLOGÍAS: TRABAJO INDIVIDUAL, EN  PEQUEÑO GRUPO, COOPERATIVO, COLABORATIVO…  D","SE DESARROLLA ACTIVIDAD EN GRUPOS DE ALUMNOS DE ALTAS CAPACIDADES O ALTO  RENDIMIENTO ATENDIENDO A SUS INTERESES Y  DEJÁNDOLES SER PROTAGONISTAS DE SU PROPIO  APRENDIZAJE. SE ATIENDE TAMBIÉN AL GRUPO CLASE  PARA REALIZAR ACTIVIDADES QUE COMPLEMENTAN SU  FORMACIÓN, ESPECIALMENTE PRÁCTICAS Y DE  E",,,"Aprender a aprender;Sentido de la iniciativa y espíritu emprendedor",,,"Metodologías activas","No institucional",1121,50010181
"Parque Goya piensa y crea",rec,https://youtu.be/wj5vohG9FXM,PRDC,"Trabajo colaborativo. Método científico","Presentación del proyecto de robótica y puesta en práctica. Experimentos con la ciencia.",,,"Competencia matemática y competencias básicas en ciencia y tecnología;Competencia digital",,,"TAC (Tecnologías del Aprendizaje y del Conocimiento);Gestión de las emociones","No institucional",1122,50017072
"Rap de la biblioteca",rec,https://youtu.be/fV6Gxwuoe58,PRDC,RAP,"Los alumnos cuentan con un rap el proyecto de organización de la biblioteca del centro",,,"Competencia en comunicación lingüística;Sentido de la iniciativa y espíritu emprendedor",,,"Comunicación oral","No institucional",1123,50005781
"Ajedrez en Pedro I",rec,https://youtu.be/KShlosPFblo,ALAJ,"Se plantea este programa desde una metodología básicamente dinámica y participativa basada en el juego y apoyada por pinceladas teóricas. Se presenta la actividad en los recreos escolares de forma continua y a lo largo de todo un curso escolar con un talante motivador y desarrollando las diferen","Mejorar la atención y concentración, el razonamiento lógico, la memoria, percepción e intuición. estimula la imaginación y desarrolla a su vez las habilidades de la inteligencia emocional.",,,"Competencia matemática y competencias básicas en ciencia y tecnología",,,"Metodologías activas","No institucional",1124,22004906
"Innovando En El Cra Matarranya",rec,https://youtu.be/-f-DPEfOAb0,IEGI,"GRUPOS INTERACTIVOS, UNA DE LAS ACTUACIONES EDUCATIVAS DE ÉXITO, CON VOLUNTARIOS DE LA COMUNIDAD EDUCATIVA","Sesión semanal mediante grupos interactivos en varias aulas de Primaria e Infantil del CRA con diversidad de niveles en ellas. Planteamiento de 3 actividades cortas, de manera que los equipos de 3- 4 alumnos rotan cada 20 minutos resolviendo 3 tareas distintas con personas voluntarias, quienes dina",,,"Aprender a aprender;Competencias sociales y cívicas",,,"Metodologías activas","No institucional",1125,44005062
"Cantania es nuestro CRA Matarranya",rec,https://youtu.be/yHh3MnvTLuU,ALCA,"Trabajo curricular en el aula desde la asignatura de música. Tmbién se puede aplicar de forma interdisciplinar en el centro. Existen materiales y recursos dicácticos.","Primera fase: tres formaciones presenciales para el profesorado. Segunda fase: trabajo en el aula con el alumnado. Tercera fase: Concierto en el auditorio de Zaragoza: Sala Mózart",,,"Competencia en comunicación lingüística;Conciencia y expresiones culturales",,,"Comunicación oral",Institucional,1126,44005062
"Ajedrez en Amar y Borbón",rec,https://youtu.be/EaF1hgtEuMM,ALAJ,,,,,"Competencia matemática y competencias básicas en ciencia y tecnología",,,"Metodologías activas",Institucional,1127,50011847
"Ciencia en los coles",rec,https://youtu.be/wSx5adAI3W4,ACCV,,,,,"Competencia matemática y competencias básicas en ciencia y tecnología",,,"Metodologías activas",Institucional,1128,50009129
Autoestima,rec,https://youtu.be/XuftK_vFHlw,ALCA,,,,,"Competencia en comunicación lingüística;Conciencia y expresiones culturales",,,"Comunicación oral",Institucional,1129,50001799
"Nuestros Proyectos",rec,https://youtu.be/Eobv-0jw7Fw,IECM,"ACTIVA, PARTICIPATIVA, INNOVADORA ENFOQUE CONSTRUCTIVISTA",,,,"Competencia matemática y competencias básicas en ciencia y tecnología;Conciencia y expresiones culturales;Sentido de la iniciativa y espíritu emprendedor",,,"TAC (Tecnologías del Aprendizaje y del Conocimiento);Gestión de las emociones",Institucional,1130,50004053
"Un día en el CEE San Germán",rec,https://youtu.be/sAewXXnthSU,_DC,"Dinámica educativa general del CEE San Germán: programas de  estimulación desde una  perspectiva basal, servicios,  terapias alternativas…","Funcionamiento general del CEE San Germán (Fundación ASPACE  Zaragoza) dedicado al tratamiento  integral de la Parálisis Cerebral  y/o patologías afines.",,,"Aprender a aprender;Competencias sociales y cívicas",,,"Gestión de las emociones","No institucional",1131,50008915
"Territorio de paz. Aprendiendo a convivir.",rec,https://youtu.be/B7hHRVdsWVU,_CONV,"Aprendizaje cooperativo y constructivismo. Fomento de la competencia social y ciudadana a través de los valores democráticos.","En las aulas se trabaja el protocolo de resolución de conflictos.",,,"Competencias sociales y cívicas",,,"Gestión de las emociones","No institucional",1132,22004104
"POLE en ESO en inglés",rec,https://youtu.be/suF_Z6l-0jQ,LEPO,"Teatro en inglés, intercambio de cartas con USA, exposiciones orales en clase de música","Entre otras actividades, desde la asignatura de música hemos preparado el festival de Navidad para los alumnos de la ESO en inglés: obras de teatro y actuaciones musicales. Además, desde  tutoría se han intercambiado cartas con un colegio de Estados Unidos en 1º de ESO. Las  exposiciones orales",,,"Competencia en comunicación lingüística;Conciencia y expresiones culturales",,,"Comunicación oral","No institucional",1133,50006761
"Semana Cultural",rec,https://youtu.be/yG5SBZeUyz4,_DC,,,,,"Competencia en comunicación lingüística;Conciencia y expresiones culturales",,,"Comunicación oral",Institucional,1134,50001799
"Actividad en inglés",rec,https://youtu.be/gPX7uh-HBJc,LEPO,,,,,"Competencia en comunicación lingüística",,,"Comunicación oral",Institucional,1135,50007194
"Why do we want to learn english?",rec,https://youtu.be/SbvfXDTFgK8,LEAB,"Aprendizaje globalizado que parte del desarrollo del niño","Ejemplos de activiades que se realizan en el aula",,,"Competencia en comunicación lingüística",,,"Comunicación oral","No institucional",1136,50011100
"Our projects about animals",rec,https://youtu.be/Gdivn5QPGng,LEAB,"Aprendizaje colaborativo a través de proyectos","Ejemplos de activiades que se realizan en el aula",,,"Competencia en comunicación lingüística",,,"Comunicación oral","No institucional",1137,50011100
"Nos gusta hablar inglés",rec,https://youtu.be/_FwDxT9WUuQ,LEAB,Bilingüismo,"Cómo se trabaja el bilingüismo en el centro",,,"Competencia en comunicación lingüística",,,"Comunicación oral","No institucional",1138,50005963
"Advancing Towards The Future",rec,https://youtu.be/Ph_l491DLbs,LEPO,"PARTICIPACIÓN EN ACTIVIDADES COMPLEMENTARIAS Y  EXTRAESCOLARES para FOMENTAR el USO DEL INGLÉS y de OTRAS  LENGUAS.","Se pretende desarrollar una serie de actividades encaminadas a mejorar la motivación  de nuestros alumnos con respecto al aprendizaje de una lengua extranjera, inglés, en  este caso, convencidos de que la base para aprender es querer aprender. Las  actividades a desarrollar tienen que ver fundamen",,,"Competencia en comunicación lingüística",,,"Comunicación oral","No institucional",1139,50000412
"Bilingüismo CILE",rec,https://youtu.be/MBE655FjOq4,LEAB,,,,,"Competencia en comunicación lingüística",,,"Comunicación oral","No institucional",1140,50007856
"One day in the English Class!",rec,https://youtu.be/JkZ_BLD4ppQ,LEAB,"Resumen de una sesión de la clase de inglés a través de una serie de aplicaciones para Ipad, juegos y siguiendo la línea metodología de AMCO.","En el siguiente video se muestran las partes que comprenden una clase de inglés. Se empieza por una daily routine dónde los  niños son los protagonistas del aprendizaje, se continúa con una serie de  actividades y juegos apoyándonos con el Ipad y terminamos repasando el  abecedario en inglés j",,,"Competencia en comunicación lingüística",,,"Comunicación oral","No institucional",1141,50007248
"Área de plástica en inglés",rec,https://youtu.be/TAE0BsEQyFQ,LEAB,,,,,"Competencia en comunicación lingüística",,,"Comunicación oral","No institucional",1142,22000721
"Nos divertimos con el inglés",rec,https://youtu.be/cvVMJRFJrmc,LEAB,Bilingüismo,"Cómo se trabaja el bilingüismo en el centro",,,"Competencia en comunicación lingüística",,,"Comunicación oral","No institucional",1143,50005963
"Video Inglés, cile 1 . 1º Primaria",rec,https://youtu.be/OgnxfkPi-fI,LEAB,"Didácticas múltiples dentro del área de Inglés en primero de primaria","Se desarrollan diferentes metodologías en el área de inglés  de primero de primaria, dentro de un efoque comunicativo.",,,"Competencia en comunicación lingüística",,,"Comunicación oral","No institucional",1144,50011847
"Programa Bilingüe. Cile 2",rec,https://youtu.be/Gtbhx4ectT8,LEAB,"Activa y participativa. Hemos optado por una metodología con un enfoque comunicativo,  potenciando el aprendizaje significativo, utilizando estrategias como la observación,  experimentación y la reflexión.","El Objetivo principal del Programa Bilingüe en nuestro centro es “ Fomentar en el alumnado  el aprendizaje de la lengua y la cultura francesa, reforzando las Competencias Básicas del  currículo y potenciando actitudes positivas que permitan la convivencia dentro del marco  europeo y el desarrol",,,"Competencia en comunicación lingüística",,,"Comunicación oral","No institucional",1145,22004906
"Does size matter? ¿Importa el tamaño?",rec,https://youtu.be/RdO_ez8REx4,LEAB,"Al comienzo de la investigación, los alumnos trabajan de manera individual haciendo  predicciones sobre lo que creen que va a ocurrir, planteando la hipótesis. A partir de dichas  hipótesis y siguiendo el método científico trabajan en grupo para realizar, de forma dirigida,  el experimento o in","Los alumnos quieren saber si el volumen de un objeto está relacionado con su masa. Para ello verán si ha mayor volumen (tamaño) la masa del objeto también es mayor. Tendrán  6 esferas de diferente tamaño que tendrán que ir comparando unas con otras en una balanza  para saber cuál de ellas es",,,"Competencia en comunicación lingüística;Competencia matemática y competencias básicas en ciencia y tecnología",,,"Comunicación oral;TAC (Tecnologías del Aprendizaje y del Conocimiento)","No institucional",1146,22002673
"desarrollo programa POLE en el CEIP San Miguel",rec,https://youtu.be/0xoa_8U6cJg,LEPO,"cooperativa. Trabajo por grupos y uso del vídeo","Se comenta la forma en la que ha ido evolucionando un proyecto de intercambio con dos colegios, uno neozelandés y el otro, norteamericano. Se dan ideas  de proyectos conjuntos, posibles proyectos de video a realizar y trabajos en equipo.",,,"Competencia en comunicación lingüística",,,"Comunicación oral","No institucional",1147,44002221
"Proyecto Sorolla en 2º primaria",rec,https://youtu.be/uerrMZbwMn8,LEAB,"Proyecto en común desde las áreas de lengua y literatura","Conocer las características de la pintura de Sorolla. Representación teatralizada de un cuadro.",,,"Competencia en comunicación lingüística;Conciencia y expresiones culturales",,,"Comunicación oral","No institucional",1148,50009397
"PIBLEA en el  GC",rec,https://youtu.be/VV0emVh9mgY,LEAB,"Participativa, colaborativa, Funcional, Comunicativa","El objetivo principal de los departamentos de lenguas del  centro es fomentar las  habilidades comunicativas de los  alumnos en Inglés a través de su  participación activa en  actividades como role-plays,  conciertos, proyectos sobre  cultura anglosajona, english  week, concursos, exposiciones  o",,,"Competencia en comunicación lingüística;Conciencia y expresiones culturales",,,"Comunicación oral","No institucional",1149,50010302
"Hands on Through English",rec,https://youtu.be/fdm_7x3gWfc,LEAB,"Clil (Content Language Integrated Learning)

Learn by doing

Whole Brain Teaching

Task solving

Teaching Literacy","Mostar de una manera informal las actividades realizadas a lo largo del año con el grupo  bilingüe que fomentan el aprendizaje del idioma haciendo, resolviendo, actuando... HANDS  ON!",,,"Competencia en comunicación lingüística",,,"Comunicación oral","No institucional",1150,50018842
"Fernando el Católico Happy",rec,https://youtu.be/Q_Txe_bjf-0,LEAB,"Lib dub, fomento del trabajo en equipo y del sentimiento de pertenencia al centro","Muestra de un lib dub  en nuestro centro",,,"Competencia en comunicación lingüística",,,"Comunicación oral","No institucional",1151,50005963
"Structure of matter",rec,https://youtu.be/OCLqniGRcbA,LEAB,"Exposición en público. Aprendizaje cooperativo","Exposición por parte de un grupo de alumnos a sus compañeros de clase los conceptos  elementales sobre partículas elementales y estructura de la materia.",,,"Competencia en comunicación lingüística;Competencia matemática y competencias básicas en ciencia y tecnología",,,"Comunicación oral","No institucional",1152,50011100
"Aula de desarrollo de capacidades",rec,https://youtu.be/zPaIXwucvR4,PRDC,"Metodologías creativas, pensamiento lateral, trabajo cooperativo",,,,"Aprender a aprender",,,"Metodologías activas","No institucional",1153,22004104
"Tabletas en infantil",rec,https://youtu.be/tMjyMDSm8Jc,_NTEC,"Uso de nuevas tecnologías en infantil",,,,"Competencia digital",,,"TAC (Tecnologías del Aprendizaje y del Conocimiento)","No institucional",1154,50017904
"Un día de cine con los  alumnos del GC",rec,https://youtu.be/8z43p75kTtE,IEDC,"Un día de cine",Participativa.,"Los alumnos se desplazan a la  Filmoteca de Zaragoza y tras el  visionado de una película  seleccionada por su interés  didáctico en diversos campos,  debaten y reflexionan según la  dirección del coordinador de la  actividad. Para ello cuentan con  un cuaderno didáctico que van  completando a",,"Competencia en comunicación lingüística;Conciencia y expresiones culturales",,,"Metodologías activas",Institucional,1155,50010302
"Ciencia Viva",rec,https://youtu.be/Dyt5mqc62hg,ACCV,"Activa, participativa, experimental","Los alumnos participan en diversas actividades, tales como la ciencia en la calle con alumnos de primaria, asisten a conferencias de divulgación científica, experimentan con los materiales del programa, visitan centros de investigación, facultades de diversa índole, el CSI o el Instituto de nano",,,"Competencia matemática y competencias básicas en ciencia y tecnología",,,"Metodologías activas",Institucional,1156,50010302
"Coro en el GC",rec,https://youtu.be/2uvGJhD-QAI,ALCE,"Activa, participativa, lúdica,","Los alumnos comienzan participando en el Coro del centro desde 1º de la ESO. Los ensayos se desarrollan en el recreo y al final de la jornada escolar. Esporádicamente también algunas tardes. Los profesores forman parte de este coro y colaboran con los alumnos en algunas sesiones de especial relev",,,"Competencia en comunicación lingüística;Conciencia y expresiones culturales",,,"Comunicación oral",Institucional,1157,50010302
"Singing a Story",rec,https://youtu.be/QS-LZOSOUm4,IEPR,"Aprendizaje creativo y colaborativo","SE BUSCA QUE A TRAVÉS DE LA MÚSICA Y LA PLÁSTICA LOS ALUMNOS AUMENTEN SUS APRENIZAJES DE LENGUA INGLESA. LOS ALUMNOS ELABORARÁN SUS PROPIOS LIBROS A LO LARGO DE SU ESCOLARIDAD BILINGÜE EN EL CENTRO Y REPRESENTARÁN PARA LA COMUNIDAD EDUCATIVA UN FRAGMENTO DE UN MUSICAL. CADA AÑO UN LIBRO Y UN ",,,"Competencia en comunicación lingüística;Conciencia y expresiones culturales",,,"Comunicación oral","No institucional",1158,50005926
"8 Meses 8 Causas",rec,https://youtu.be/FU8IeHmoSg4,_BPEI,"COMUNICACIÓN ACTIVA CON LAS FAMILIAS, DINÁMICAS DE  GRUPO.","EN EL AÑO 2011 SE PLANTEÓ UNA INICIATIVA QUE IMPLICASE A TODA LA COMUNIDAD EDUCATIVA PARA PODER MEJORAR LA CONVICENCIA EN EL CENTRO, DE AHÍ SURGÍO DEDICAR CADA MES DEL CURSO ESCOLAR A UNA ASPECTO DE LA CONVIVENCIA QUE FUESE FUNDAMENTAL EN EL DÍA A DÍA DEL CENTRO: RESPETO, DERECHOS Y DEBERES, A",,,"Competencias sociales y cívicas",,,"Gestión de las emociones","No institucional",1159,50005926
"La Misión De La Pajarita",rec,https://youtu.be/k7DlrEBzRso,IEBP,"TRABAJO POR PROYECTOS Y EN EQUIPO","INVENTAR, ESCRIBIR, ILUSTRAR Y DRAMATIZAR UNA HISTORIA ENTRE TODOS PARA SU POSTERIOR GRABACIÓN.",,,"Competencia en comunicación lingüística;Competencia digital;Conciencia y expresiones culturales",,,"Comunicación oral","No institucional",1160,22005728
"PROYECTO YDHEA Salesianos",rec,https://youtu.be/wyPykXmA2p8,_YD,"YPD (Young Potencial Development), desarrollo del potencial del joven. Un innovador modelo de programación de habilidades y emprendimiento en las  aulas. Gracias a esta metodología, basada en los 4 pilares de su modelo de  desarrollo del talento (energía, creatividad, comunicación y liderazgo), ","Dinámicas sobre energía, creatividad, comunicación y liderazgo. Ha habido que  seleccionar alguna ya que no era posible realizar todas. Realización de un  proyecto final de Plan de Negocio, se ven en el video los tres proyectos que  han ido a la final. Una gran experiencia tanto para los alumnos",,,"Competencia en comunicación lingüística;Sentido de la iniciativa y espíritu emprendedor;Aprender a aprender",,,"Comunicación oral",Institucional,1161,50000412
"Metodología del aprendizaje servicio",rec,https://youtu.be/9g0Xlmgcy4I,IEPR,,"Alumnos de cursos anteriores enseñan a sus compañeros lo que ellos ya aprendieron",,,"Aprender a aprender",,,"Metodologías activas","No institucional",1162,44004239
"Imágenes De Boalares",rec,https://youtu.be/3AQuwUEY0M0,_ME,"ACTIVIDADES EN EL AULA Y EN EL EXTERIOR, EN EL CAMPO DE PRÁCTICAS","BREVE DESCRIPCION  DE LA ACTUACION: SE QUIERE MOSTRAR LA VIDA NOMAL EN LA  ESCUELA, UNAS IMÁGENES DE UN GRUPO TRABAJANDO EN CLASE, LUEGO DOS GRUPOS  DIFERENTES HACIENDO TRABAJOS EN INVERNADEROS Y EN EL EXTERIOR, Y FINALIZA CON LA  SALIDA DE LOS ALUMNOS DE LA ESCUELA.",,,"Aprender a aprender;Competencias sociales y cívicas",,,"Metodologías activas",Institucional,1163,50001829
"Que Es Una Efa. Efa La Noria",rec,https://youtu.be/eLqHNphzvSM,_INAEM,"FORMACIÓN DUAL (EMPRESA-CENTRO), PROFESIONAL Y HUMANA DE CALIDAD","UN PRIMER VIDEO DONDE SE  MUESTRA EL ESPIRITU DE UNA EFA Y EL SEGUNDO LA EDUCACIÓN  IMPARTIDA POR EL CENTRO.",,,"Sentido de la iniciativa y espíritu emprendedor",,,"Metodologías activas","No institucional",1164,50003863
"Educación EFA La Noria",rec,https://youtu.be/ELf-mY2RN7A,_INAEM,"FORMACIÓN DUAL (EMPRESA-CENTRO), PROFESIONAL Y HUMANA DE CALIDAD","UN PRIMER VIDEO DONDE SE  MUESTRA EL ESPIRITU DE UNA EFA Y EL SEGUNDO LA EDUCACIÓN  IMPARTIDA POR EL CENTRO.",,,"Sentido de la iniciativa y espíritu emprendedor",,,"Metodologías activas","No institucional",1165,50003863
"Otra forma de entender el vino",rec,https://youtu.be/ipLg-aGbSak,_YD,,,,,"Competencia en comunicación lingüística;Sentido de la iniciativa y espíritu emprendedor;Aprender a aprender",,,"Comunicación oral",Institucional,1166,50001349
"Expertos en el aula",rec,https://youtu.be/Zyk5gnj_VIk,IEPR,"Trabajo cooperativo","La meta que se persigue es que los alumnos mejoren su competencia lingüística utilizando  distintas técnicas de comunicación a la hora de  realizar presentaciones de documentos y  defensas de sus propios trabajos. A su vez, pretendemos modificar la motivación  de los alumnos hacia el estudio y ",,,"Competencia en comunicación lingüística",,,"Comunicación oral","No institucional",1167,22000779
"Trabajamos Con Grupos Interactivos",rec,https://youtu.be/gRIEPq-f8mM,IEGI,"Metodología de los grupos Interactivos","Muestra de cómo nuestros alumnos trabajan en Grupos Interactivos",,,"Competencia en comunicación lingüística;Competencia matemática y competencias básicas en ciencia y tecnología;Aprender a aprender",,,"Metodologías activas","No institucional",1168,50005963
"Hacia la integración del alumnado con espectro autista",rec,https://youtu.be/5IQIUIOGrp0,_TEA,"Metodología inclusiva a través del fomento de la autonomía con el método TEACH","Juegos, cuentos y nuevas tecnologías",,,"Competencia en comunicación lingüística;Competencias sociales y cívicas",,,"Gestión de las emociones;Compromiso social","No institucional",1169,50008952
"Cantania NS Merced",rec,https://youtu.be/GXRzkF_RiFM,ALCA,,,,,"Competencia en comunicación lingüística;Conciencia y expresiones culturales",,,"Comunicación oral",Institucional,1170,50007194
"El funcionamiento del drone",rec,https://youtu.be/nCDJ2r6CCMw,_NTEC,,,,,"Competencia digital",,,"TAC (Tecnologías del Aprendizaje y del Conocimiento)","No institucional",1171,22002673
"Lipdub - corazón contento",rec,https://youtu.be/edAj1fujhJY,_BPEI,"Video final del curso 2012/2011 a todo el trabajo realizado en convivencia en el centro. En él, participan: alumnos, padres, profesoras, vecinos y personal del  antiguo CPR de “La Almunia”",,,,"Competencias sociales y cívicas;Conciencia y expresiones culturales",,,"Metodologías activas","No institucional",1172,50002433
"Creative ebook musical interactivo",rec,https://youtu.be/aX6rx7X63k0,IEPR,,,,,"Competencia en comunicación lingüística;Conciencia y expresiones culturales",,,"Comunicación oral","No institucional",1173,50018842
"Te cuido, me enseñas, nos educan",rec,https://youtu.be/_YRE863tCbk,IEPR,,,,,"Aprender a aprender;Competencias sociales y cívicas",,,"Metodologías activas","No institucional",1174,50005926
Alfabetomotricidad,rec,https://youtu.be/RcHIFVu18L4,IEPR,,,,,"Competencia en comunicación lingüística",,,"Comunicación oral","No institucional",1175,50009208
"PIBLEA, POLE y otras lenguas",rec,https://youtu.be/VV0emVh9mgY,LEPO,"Participativa, colaborativa, Funcional, Comunicativa","El objetivo principal de los departamentos de lenguas del  centro es fomentar las  habilidades comunicativas de los  alumnos en Inglés a través de su  participación activa en  actividades como role-plays,  conciertos, proyectos sobre  cultura anglosajona, english  week, concursos, exposiciones  o",,,"Competencia en comunicación lingüística",,,"Comunicación oral","No institucional",1176,50010302
"PASEN Y VEAN, LA FUNCIÓN VA A COMENZAR (Cómo lo hicimos)",rec,https://youtu.be/4p4TB0j3pZE,IEBP,"APRENDIZAJE SERVICIO, INTELIGENCIAS MÚLTIPLES (IIMM), COMPETENCIAS BÁSICAS
(CCBB), APRENDIZAJE COOPERATIVO.","Breve descripción de la actuación El mini-vídeo expone el proceso llevada a cabo por el equipo docente para la programación y  realización de la Unidad didáctica integrada “Pasen y vean, la función va a comenzar”. Surge de una idea de regalar a las personas que nos quieren y cuidan algo q",,,"Competencia en comunicación lingüística;Competencias sociales y cívicas;Conciencia y expresiones culturales",,,"Comunicación oral",Institucional,1177,50006633
"Entornos felices: la clave de la convivencia.",rec,https://youtu.be/LyenDtLx-5Q,_BPEI,,,,,"Competencia en comunicación lingüística;Competencias sociales y cívicas",,,"Comunicación oral","No institucional",1178,50018830
"Inclusión Y Convivencia Un Proyecto Global En El Ies Rodanas",rec,https://youtu.be/nfWGb6KXvRw,_BPEI,"Conseguir la participación de todos los agentes educativos para favorecer y  educar en la inclusión y convivencia. Descripción: Destacamos el Observatorio de la convivencia que permite  planificar, orientar y ordenar las acciones tanto del centro como del entorno con  el objetivo de favorecer y e",,,,"Competencias sociales y cívicas",,,"Gestión de las emociones;Compromiso social","No institucional",1179,50011008
"Hacia Una Escuela Más Inclusiva Que Mejore La Convivencia",rec,https://youtu.be/tsuq4sHrfnA,_BPEI,"Práctica que recoge una serie de acciones para mejorar la convivencia a través de prácticas inclusivas realizadas e impulsadas desde nuestro  centro.","La actuación recoge un análisis del concepto de inclusión y  convivencia dentro de los documentos de gestión del centro, y la  relación del colegio con el entorno para poner en marcha  diferentes acciones inclusivas. A partir de ahí se concretan las prácticas inclusivas y de  convivencia desa",,,"Competencias sociales y cívicas",,,"Gestión de las emociones","No institucional",1180,44004148
"Buenas prácticas de convivencia",rec,http://area47mil.educa.aragon.es/w/images/a/a4/Buenas_practicas_convivencia_CEIP_Miguel_Servet.pdf,_BPEI,,,,,"Competencias sociales y cívicas",,,"Gestión de las emociones","No institucional",1181,22001875
"Educamos para la vida, no para la escuela",rec,https://www.youtube.com/watch?v=Bf6wQ2ftveQ,_BPEI,,,,,"Competencias sociales y cívicas",,,"Gestión de las emociones","No institucional",1182,50018143
"Robótica educativa en Educación Infantil y Primaria",rec,https://youtu.be/qljPR6BxgDQ?t=40,IEPR,"Fomentar la inclusión de  la robótica en las aulas , como herramienta de aprendizaje","El objetivo del proyecto es enseñar a programar/codificar, dotar a los alumnos de la capacidad de utilizar juegos, animaciones, postales digitales, escenas interactivas...como una nueva manera de expresar sus ideas y comunicarse  con los demás.",,http://apprendiendoconrobotica.blogspot.com.es/,"Competencia matemática y competencias básicas en ciencia y tecnología;Competencia digital;Competencia en comunicación lingüística;Aprender a aprender;Competencias sociales y cívicas;Sentido de la iniciativa y espíritu emprendedor;Conciencia y expresiones culturales","Domingo Santabárbara Bayo",,"TAC (Tecnologías del Aprendizaje y del Conocimiento)","No institucional",1183,50017448
"Trabajando el pensamiento creativo y divergente con Lego",rec,http://www.kizoa.com/embed-26224727-1132559o1l1,IEPR,,"En este proyetco se fomenta la utilización de Lego Learn to learn,  un material compuesto por ladrillos Lego especialmente diseñados para desarrollar actividades que potencien el pensamiento divergente y creativo a la par que permite a los niños convertirse en alumnos eficaces y desarrollar las l",,,"Aprender a aprender;Competencia en comunicación lingüística;Sentido de la iniciativa y espíritu emprendedor;Competencia digital;Competencias sociales y cívicas","Domingo Santabárbara Bayo",,"TAC (Tecnologías del Aprendizaje y del Conocimiento)","No institucional",1184,50017448
"APPrendiendo con P.D.I. en las aulas de Ed. Infantil",rec,https://www.youtube.com/watch?v=GUy9T5BEfOc&amp;feature=youtu.be,IEPR,,"Utilización de la PDI en el aula.  A continuación se presentan ejemplos de las metodologías interactivas y participativas usadas en todo el ciclo.
LA ASAMBLEA DIARIA:
Diariamente el encargado se ocupa de las tareas de pasar lista, poner la fecha en el calendario, contar cuantos amigos estamos y c",,,"Aprender a aprender;Competencia en comunicación lingüística;Sentido de la iniciativa y espíritu emprendedor;Competencia digital;Competencias sociales y cívicas;Competencia matemática y competencias básicas en ciencia y tecnología","Domingo Santabárbara Bayo",,"TAC (Tecnologías del Aprendizaje y del Conocimiento)","No institucional",1185,50017448
"APPrendiendo con tablets en Educación Infantil",rec,http://youtu.be/kfHbf1CYKYA,IEPR,,"Utilización de las tablets en el aula a través
de tres usos:
                 
Rincón tecnológico:

Cuidando la conjugación con rincones de material
manipulativo y vivencial, y  propiciando, a través del trabajo en pequeño
grupo, el desarrollo de procesos individuales y apre",,,"Aprender a aprender;Competencia digital;Competencia en comunicación lingüística;Competencia matemática y competencias básicas en ciencia y tecnología","Domingo Santabárbara Bayo",,"TAC (Tecnologías del Aprendizaje y del Conocimiento)","No institucional",1186,50017448
"El club de la pajarita",rec,https://www.youtube.com/watch?v=5bOVnAXvCJM,IEPR,"Fomento de los valores a través del cine","En este proyecto se trabajan los valores y la convivencia a través del cine, extendiendolo a actividades como el fomento de la lectura o bailes con bandas sonoras de películas. Realización de un cortometraje con un mensaje de fondo de ayuda en la resolución de conflictos.",,http://elclubdelapajarita.blogspot.com.es/,"Competencia en comunicación lingüística;Aprender a aprender;Competencias sociales y cívicas;Sentido de la iniciativa y espíritu emprendedor;Conciencia y expresiones culturales",,,"Comunicación oral;Gestión de las emociones","No institucional",1187,50011288
"Mi cole es un museo de Aragón",rec,,IEPR,"Proyecto colaborativo","El objetivo del proyecto es potenciar el conocimiento de la cultura el arte y la ciencia de Aragón por parte del alumnado del centro, contando para ello con toda la comunidad educativa. El eje coordinador y dinamizador es un blog organizado por el grupo de trabajo pero en el que pueden participar a",,http://micoleesunmuseo.blogspot.com.es,"Competencia en comunicación lingüística;Aprender a aprender;Competencias sociales y cívicas;Sentido de la iniciativa y espíritu emprendedor;Conciencia y expresiones culturales","Yolanda Pérez Mauri",,"Compromiso social","No institucional",1188,50018283
"Certamen de Lectura en Voz Alta",rec,https://www.youtube.com/watch?t=39&amp;v=O4m0vC_Q2RM,IEPR,"Aprendizaje cooperativo","Actividad fundamentada en técnicas de aprendizaje cooperativo. Lecturas en pequeño grupo, no se trata de seleccionar los mejores lectores sino de facilitar la inclusión y que cada individuo se esfuerce en mejorar su aportación individual a una tarea común y significactiva que implica la mejora ",,http://unrincondelabiblioteca.blogspot.com.es/search/label/certamen,"Competencia en comunicación lingüística","Pilar Ciutad Lacambra",,"Comunicación oral","No institucional",1189,50018143
"Proyecto Alegría. La abeja Berta y el abuelo Li",rec,https://dl.dropboxusercontent.com/u/46039577/berta/intro.swf,IEPR,"Se trabaja con metodologías activas a partir de tareas competenciales, destrezas de pensamiento, aprendizaje basado en proyectos y metodología cooperativa.","Es un proyecto globalizado de desarrollo integrado de las competencias clave y la educación en valores para 4º de primaria. A partir de diversos cuentos motores se implementan tareas competenciales globalizadas en los ámbitos lingüístico y matemático, tareas de pensamiento científico y de des",,http://cofredepiratas.blogspot.com.es/search/label/Proyecto%20Alegr%C3%ADa,"Competencia matemática y competencias básicas en ciencia y tecnología;Competencia en comunicación lingüística;Competencias sociales y cívicas;Aprender a aprender;Competencia digital","Martín Pinos Quílez (coordinador), Beatriz Pérez Contreras",,"TAC (Tecnologías del Aprendizaje y del Conocimiento);Gestión de las emociones","No institucional",1190,50018283;50006220;50009403;50005641;50009452
"El viaje de Bee Bot",rec,,IEPR,"Robótica colaborativa","En este proyecto se trabajan una serie de actividades de programación o de creatividad a través de un pequeño robot en forma de abeja llamado &quot;Bee Bot&quot;.",,http://elviajedebeebot.blogspot.com.es/,"Competencia digital",,,"TAC (Tecnologías del Aprendizaje y del Conocimiento)","No institucional",1191,50018283
"Trabajamos con los 7 sentidos: Intervención desde la perspectiva de intengración sensorial en el CEE Ángel Rivière",rec,,IEPR,"Introducción de la Terapia Ocupacional desde la perspectiva de la Teoría de la Integración Sensorial","El proyecto consiste, siguiendo con la trayectoria formativa de años anteriores, en introducir y adaptar en el contexto de un centro de Educación Especial, el aporte profesional de una disciplina externa a los centros escolares, la Terapia Ocupacional desde la perspectiva de la Teoría de la Integ",,,"Competencias sociales y cívicas","Mª Luisa Marco Bruna",,"Gestión de las emociones","No institucional",1192,50017369
"Metodologías nuevas en el área de matemáticas",rec,,IEPR,,"≡Sesión de motivación===
Se presenta la unidad de manera global a través de las siguientes acciones:
* vídeo o documento gráfico que conecte los contenidos con la realidad del alumno
* entrega de los objetivos didácticos de la unidad, asi como de los criterios de evaluación. en formato fic",,,"Competencia matemática y competencias básicas en ciencia y tecnología","Sara Anés Sanz",,"Metodologías activas","No institucional",1193,50007133
"Hacia un colegio cooperativo",rec,,IEPR,"Aprendizaje cooperativo","A través del aprendizaje cooperativo estimulamos el aprendizaje entre iguales, el aula se organiza en equipos heterogéneos posibilitando que trabajen juntos alumnos diferentes. La implementación de esta metodología en mayor o menor medida en las aulas es un hecho, y las experiencias son cada vez",,http://arablogs.catedu.es/blog.php?id_blog=1194&amp;pg=0&amp;id_categoria=6455,"Aprender a aprender",,,"Metodologías activas","No institucional",1194,50017451
"Aulas felices",rec,,IEPR,"Psicología positiva","Es un programa educativo basado en la Psicología Positiva que pretende aportar recursos para trabajar en las áreas y también en tutoría, potenciando las Competencias Básicas más transversales, así como la Acción Tutorial y la Educación en Valores. Los objetivos del programa son:
* Potenciar",,http://educaposit.blogspot.com.es/,"Aprender a aprender","Silvia Hernández",,"Gestión de las emociones","No institucional",1195,50017451
